"ALT","SEX","METHOD","OT","BD","OFFSET","HUNTER","MONTH","MONTHCALENDAR","YEAR","HUNTER.MONTH"
"4","Female","Trampa",0,8,2,"HUNT1",15,12,2011,"HUNT1 15"
"4","Male","Trampa",0,7,2,"HUNT1",15,12,2011,"HUNT1 15"
"4","Male","Trampa",1,3,2,"HUNT1",17,3,2012,"HUNT1 17"
"3","Male","Trampa",0,0,2,"HUNT1",17,3,2012,"HUNT1 17"
"4","Female","Trampa",0,3,2,"HUNT1",17,3,2012,"HUNT1 17"
"3","Female","Trampa",0,0,2,"HUNT1",17,3,2012,"HUNT1 17"
"4","Male","Escopeta",0,0,2,"HUNT1",17,3,2012,"HUNT1 17"
"3","Male","Escopeta",0,2,2,"HUNT1",17,3,2012,"HUNT1 17"
"4","Female","Escopeta",0,0,2,"HUNT1",17,3,2012,"HUNT1 17"
"3","Female","Escopeta",0,5,2,"HUNT1",17,3,2012,"HUNT1 17"
"4","Female","Escopeta",0,11,4,"HUNT1",18,4,2012,"HUNT1 18"
"3","Female","Escopeta",0,1,4,"HUNT1",18,4,2012,"HUNT1 18"
"4","Male","Escopeta",0,7,4,"HUNT1",18,4,2012,"HUNT1 18"
"3","Male","Escopeta",0,3,4,"HUNT1",18,4,2012,"HUNT1 18"
"4","Female","Trampa",0,4,1,"HUNT1",20,6,2012,"HUNT1 20"
"4","Male","Trampa",0,5,1,"HUNT1",20,6,2012,"HUNT1 20"
"4","Female","Escopeta",0,3,1,"HUNT1",21,7,2012,"HUNT1 21"
"4","Male","Escopeta",0,2,1,"HUNT1",21,7,2012,"HUNT1 21"
"4","Female","Trampa",0,12,4,"HUNT1",22,8,2012,"HUNT1 22"
"2","Female","Trampa",0,0,4,"HUNT1",22,8,2012,"HUNT1 22"
"3","Female","Trampa",0,0,4,"HUNT1",22,8,2012,"HUNT1 22"
"4","Male","Trampa",0,6,4,"HUNT1",22,8,2012,"HUNT1 22"
"2","Male","Trampa",0,0,4,"HUNT1",22,8,2012,"HUNT1 22"
"3","Male","Trampa",0,0,4,"HUNT1",22,8,2012,"HUNT1 22"
"4","Female","Escopeta",0,0,4,"HUNT1",22,8,2012,"HUNT1 22"
"2","Female","Escopeta",3,1,4,"HUNT1",22,8,2012,"HUNT1 22"
"3","Female","Escopeta",1,4,4,"HUNT1",22,8,2012,"HUNT1 22"
"4","Male","Escopeta",0,0,4,"HUNT1",22,8,2012,"HUNT1 22"
"2","Male","Escopeta",1,0,4,"HUNT1",22,8,2012,"HUNT1 22"
"3","Male","Escopeta",1,2,4,"HUNT1",22,8,2012,"HUNT1 22"
"4","Female","Escopeta",0,11,2,"HUNT1",23,10,2012,"HUNT1 23"
"4","Male","Escopeta",0,6,2,"HUNT1",23,10,2012,"HUNT1 23"
"3","Female","Escopeta",0,6,1,"HUNT1",24,11,2012,"HUNT1 24"
"3","Male","Escopeta",0,1,1,"HUNT1",24,11,2012,"HUNT1 24"
"4","Female","Escopeta",0,7,1,"HUNT1",25,12,2012,"HUNT1 25"
"4","Male","Escopeta",0,0,1,"HUNT1",25,12,2012,"HUNT1 25"
"4","Female","Escopeta",0,5,1,"HUNT1",27,3,2013,"HUNT1 27"
"4","Male","Escopeta",0,2,1,"HUNT1",27,3,2013,"HUNT1 27"
"4","Male","Trampa",0,1,1,"HUNT1",29,5,2013,"HUNT1 29"
"4","Female","Trampa",0,4,2,"HUNT1",31,7,2013,"HUNT1 31"
"5","Female","Trampa",0,1,2,"HUNT1",31,7,2013,"HUNT1 31"
"4","Male","Trampa",1,1,2,"HUNT1",31,7,2013,"HUNT1 31"
"5","Male","Trampa",0,0,2,"HUNT1",31,7,2013,"HUNT1 31"
"4","Female","Escopeta",0,0,2,"HUNT1",31,7,2013,"HUNT1 31"
"5","Female","Escopeta",0,0,2,"HUNT1",31,7,2013,"HUNT1 31"
"4","Male","Escopeta",0,0,2,"HUNT1",31,7,2013,"HUNT1 31"
"5","Male","Escopeta",1,0,2,"HUNT1",31,7,2013,"HUNT1 31"
"3","Female","Trampa",0,7,2,"HUNT1",32,8,2013,"HUNT1 32"
"4","Female","Trampa",0,0,2,"HUNT1",32,8,2013,"HUNT1 32"
"3","Male","Trampa",0,1,2,"HUNT1",32,8,2013,"HUNT1 32"
"4","Male","Trampa",0,0,2,"HUNT1",32,8,2013,"HUNT1 32"
"3","Female","Escopeta",0,0,2,"HUNT1",32,8,2013,"HUNT1 32"
"4","Female","Escopeta",0,5,2,"HUNT1",32,8,2013,"HUNT1 32"
"3","Male","Escopeta",0,0,2,"HUNT1",32,8,2013,"HUNT1 32"
"4","Male","Escopeta",0,3,2,"HUNT1",32,8,2013,"HUNT1 32"
"5","Female","Trampa",0,2,1,"HUNT2",1,8,2010,"HUNT2 1"
"5","Male","Trampa",0,3,1,"HUNT2",1,8,2010,"HUNT2 1"
"5","Female","Trampa",2,0,1,"HUNT2",3,10,2010,"HUNT2 3"
"1","Female","Trampa",0,1,1,"HUNT2",7,4,2011,"HUNT2 7"
"1","Male","Trampa",1,1,1,"HUNT2",7,4,2011,"HUNT2 7"
"5","Female","Trampa",0,5,2,"HUNT2",9,6,2011,"HUNT2 9"
"5","Male","Trampa",0,5,2,"HUNT2",9,6,2011,"HUNT2 9"
"5","Female","Escopeta",0,3,2,"HUNT2",9,6,2011,"HUNT2 9"
"5","Male","Escopeta",0,3,2,"HUNT2",9,6,2011,"HUNT2 9"
"5","Female","Trampa",0,5,1,"HUNT2",15,12,2011,"HUNT2 15"
"5","Male","Trampa",0,4,1,"HUNT2",15,12,2011,"HUNT2 15"
"3","Female","Escopeta",0,7,2,"HUNT2",17,3,2012,"HUNT2 17"
"1","Female","Escopeta",0,6,2,"HUNT2",17,3,2012,"HUNT2 17"
"3","Male","Escopeta",0,1,2,"HUNT2",17,3,2012,"HUNT2 17"
"1","Male","Escopeta",0,2,2,"HUNT2",17,3,2012,"HUNT2 17"
"5","Female","Trampa",0,2,1,"HUNT6",3,10,2010,"HUNT6 3"
"5","Male","Trampa",0,2,1,"HUNT6",3,10,2010,"HUNT6 3"
"5","Female","Trampa",0,9,1,"HUNT6",12,9,2011,"HUNT6 12"
"5","Female","Trampa",2,3,1,"HUNT6",20,6,2012,"HUNT6 20"
"5","Male","Trampa",0,5,1,"HUNT6",20,6,2012,"HUNT6 20"
"5","Female","Trampa",2,5,1,"HUNT6",21,7,2012,"HUNT6 21"
"5","Male","Trampa",0,3,1,"HUNT6",21,7,2012,"HUNT6 21"
"5","Female","Trampa",2,2,1,"HUNT6",23,10,2012,"HUNT6 23"
"5","Male","Trampa",0,3,1,"HUNT6",23,10,2012,"HUNT6 23"
"5","Female","Trampa",0,5,1,"HUNT6",24,11,2012,"HUNT6 24"
"5","Female","Trampa",0,1,2,"HUNT6",31,7,2013,"HUNT6 31"
"5","Male","Trampa",0,6,2,"HUNT6",31,7,2013,"HUNT6 31"
"5","Male","Trampa",0,2,1,"HUNT6",33,9,2013,"HUNT6 33"
"5","Female","Trampa",0,3,1,"HUNT6",33,9,2013,"HUNT6 33"
"5","Female","Trampa",0,3,1,"HUNT7",3,10,2010,"HUNT7 3"
"5","Male","Trampa",0,2,1,"HUNT7",3,10,2010,"HUNT7 3"
"5","Female","Trampa",2,2,1,"HUNT7",26,2,2013,"HUNT7 26"
"5","Male","Trampa",0,1,1,"HUNT7",26,2,2013,"HUNT7 26"
"5","Female","Trampa",0,5,2,"HUNT7",27,3,2013,"HUNT7 27"
"5","Male","Trampa",0,2,2,"HUNT7",27,3,2013,"HUNT7 27"
"5","Female","Escopeta",2,0,2,"HUNT7",27,3,2013,"HUNT7 27"
"5","Male","Escopeta",0,0,2,"HUNT7",27,3,2013,"HUNT7 27"
"5","Female","Escopeta",0,3,1,"HUNT7",29,5,2013,"HUNT7 29"
"5","Male","Escopeta",0,2,1,"HUNT7",29,5,2013,"HUNT7 29"
"5","Male","Trampa",0,3,1,"HUNT7",30,6,2013,"HUNT7 30"
"5","Female","Trampa",0,1,1,"HUNT7",30,6,2013,"HUNT7 30"
"5","Female","Trampa",0,7,5,"HUNT7",31,7,2013,"HUNT7 31"
"5","Male","Trampa",1,2,5,"HUNT7",31,7,2013,"HUNT7 31"
"5","Female","Escopeta",1,0,5,"HUNT7",31,7,2013,"HUNT7 31"
"5","Male","Escopeta",0,1,5,"HUNT7",31,7,2013,"HUNT7 31"
"5","Female","Trampa",0,8,1,"HUNT8",9,6,2011,"HUNT8 9"
"5","Male","Trampa",0,3,1,"HUNT8",9,6,2011,"HUNT8 9"
"5","Female","Trampa",0,7,1,"HUNT8",11,8,2011,"HUNT8 11"
"5","Male","Trampa",0,3,1,"HUNT8",11,8,2011,"HUNT8 11"
"5","Female","Escopeta",3,3,2,"HUNT8",12,9,2011,"HUNT8 12"
"5","Male","Escopeta",0,5,2,"HUNT8",12,9,2011,"HUNT8 12"
"5","Female","Trampa",0,8,2,"HUNT8",12,9,2011,"HUNT8 12"
"5","Male","Trampa",0,0,2,"HUNT8",12,9,2011,"HUNT8 12"
"1","Female","Trampa",1,0,1,"HUNT9",1,8,2010,"HUNT9 1"
"1","Female","Escopeta",0,4,1,"HUNT10",3,10,2010,"HUNT10 3"
"1","Male","Escopeta",0,2,1,"HUNT10",3,10,2010,"HUNT10 3"
"5","Female","Trampa",0,8,1,"HUNT10",5,12,2010,"HUNT10 5"
"5","Male","Trampa",0,1,1,"HUNT10",5,12,2010,"HUNT10 5"
"5","Female","Trampa",0,5,1,"HUNT10",7,4,2011,"HUNT10 7"
"5","Male","Trampa",0,3,1,"HUNT10",7,4,2011,"HUNT10 7"
"5","Female","Trampa",2,15,3,"HUNT10",8,5,2011,"HUNT10 8"
"5","Male","Trampa",0,8,3,"HUNT10",8,5,2011,"HUNT10 8"
"1","Male","Trampa",2,1,1,"HUNT10",20,6,2012,"HUNT10 20"
"1","Female","Trampa",1,2,1,"HUNT10",20,6,2012,"HUNT10 20"
"3","Female","Trampa",0,4,3,"HUNT10",21,7,2012,"HUNT10 21"
"5","Female","Trampa",0,10,3,"HUNT10",21,7,2012,"HUNT10 21"
"3","Male","Trampa",0,2,3,"HUNT10",21,7,2012,"HUNT10 21"
"5","Male","Trampa",1,3,3,"HUNT10",21,7,2012,"HUNT10 21"
"5","Female","Trampa",2,9,2,"HUNT10",24,11,2012,"HUNT10 24"
"5","Male","Trampa",0,5,2,"HUNT10",24,11,2012,"HUNT10 24"
"5","Female","Trampa",0,2,1,"HUNT10",26,2,2013,"HUNT10 26"
"5","Female","Trampa",3,13,3,"HUNT10",27,3,2013,"HUNT10 27"
"5","Male","Trampa",1,7,3,"HUNT10",27,3,2013,"HUNT10 27"
"5","Female","Trampa",2,2,2,"HUNT10",28,4,2013,"HUNT10 28"
"5","Male","Trampa",0,4,2,"HUNT10",28,4,2013,"HUNT10 28"
"5","Male","Trampa",0,2,3,"HUNT10",29,5,2013,"HUNT10 29"
"4","Male","Trampa",0,2,3,"HUNT10",29,5,2013,"HUNT10 29"
"5","Female","Trampa",0,5,3,"HUNT10",29,5,2013,"HUNT10 29"
"4","Female","Trampa",0,3,3,"HUNT10",29,5,2013,"HUNT10 29"
"5","Female","Trampa",0,4,1,"HUNT10",30,6,2013,"HUNT10 30"
"5","Male","Trampa",0,3,1,"HUNT10",30,6,2013,"HUNT10 30"
"5","Female","Trampa",1,14,4,"HUNT10",31,7,2013,"HUNT10 31"
"5","Male","Trampa",2,5,4,"HUNT10",31,7,2013,"HUNT10 31"
"1","Female","Trampa",3,0,1,"HUNT10",33,9,2013,"HUNT10 33"
"1","Male","Trampa",3,0,1,"HUNT10",33,9,2013,"HUNT10 33"
"2","Male","Trampa",1,0,1,"HUNT11",31,7,2013,"HUNT11 31"
"2","Female","Trampa",0,5,2,"HUNT12",2,9,2010,"HUNT12 2"
"1","Female","Trampa",5,7,2,"HUNT12",2,9,2010,"HUNT12 2"
"2","Male","Trampa",2,0,2,"HUNT12",2,9,2010,"HUNT12 2"
"1","Male","Trampa",1,2,2,"HUNT12",2,9,2010,"HUNT12 2"
"2","Female","Trampa",0,28,6,"HUNT12",3,10,2010,"HUNT12 3"
"2","Male","Trampa",0,13,6,"HUNT12",3,10,2010,"HUNT12 3"
"2","Female","Trampa",3,10,4,"HUNT12",4,11,2010,"HUNT12 4"
"2","Male","Trampa",0,15,4,"HUNT12",4,11,2010,"HUNT12 4"
"2","Female","Trampa",0,10,2,"HUNT12",5,12,2010,"HUNT12 5"
"2","Male","Trampa",0,5,2,"HUNT12",5,12,2010,"HUNT12 5"
"2","Female","Trampa",1,2,1,"HUNT12",6,1,2011,"HUNT12 6"
"2","Male","Trampa",0,2,1,"HUNT12",6,1,2011,"HUNT12 6"
"2","Female","Trampa",3,6,3,"HUNT12",9,6,2011,"HUNT12 9"
"2","Male","Trampa",2,5,3,"HUNT12",9,6,2011,"HUNT12 9"
"2","Female","Trampa",1,10,3,"HUNT12",10,7,2011,"HUNT12 10"
"2","Male","Trampa",1,6,3,"HUNT12",10,7,2011,"HUNT12 10"
"2","Female","Trampa",5,20,5,"HUNT12",11,8,2011,"HUNT12 11"
"2","Male","Trampa",2,9,5,"HUNT12",11,8,2011,"HUNT12 11"
"2","Female","Trampa",4,13,3,"HUNT12",12,9,2011,"HUNT12 12"
"2","Male","Trampa",0,5,3,"HUNT12",12,9,2011,"HUNT12 12"
"2","Female","Trampa",2,12,6,"HUNT12",13,10,2011,"HUNT12 13"
"2","Male","Trampa",2,9,6,"HUNT12",13,10,2011,"HUNT12 13"
"2","Female","Trampa",0,15,4,"HUNT12",14,11,2011,"HUNT12 14"
"2","Male","Trampa",1,8,4,"HUNT12",14,11,2011,"HUNT12 14"
"1","Female","Escopeta",1,0,1,"HUNT13",1,8,2010,"HUNT13 1"
"4","Male","Escopeta",1,10,4,"HUNT13",2,9,2010,"HUNT13 2"
"4","Female","Escopeta",0,26,4,"HUNT13",2,9,2010,"HUNT13 2"
"1","Female","Escopeta",23,0,5,"HUNT13",3,10,2010,"HUNT13 3"
"4","Female","Escopeta",0,4,5,"HUNT13",3,10,2010,"HUNT13 3"
"5","Female","Escopeta",0,2,5,"HUNT13",3,10,2010,"HUNT13 3"
"1","Male","Escopeta",13,0,5,"HUNT13",3,10,2010,"HUNT13 3"
"4","Male","Escopeta",0,0,5,"HUNT13",3,10,2010,"HUNT13 3"
"5","Male","Escopeta",0,1,5,"HUNT13",3,10,2010,"HUNT13 3"
"1","Female","Escopeta",16,0,3,"HUNT13",4,11,2010,"HUNT13 4"
"4","Female","Escopeta",0,5,3,"HUNT13",4,11,2010,"HUNT13 4"
"1","Male","Escopeta",6,0,3,"HUNT13",4,11,2010,"HUNT13 4"
"4","Male","Escopeta",0,6,3,"HUNT13",4,11,2010,"HUNT13 4"
"4","Female","Escopeta",0,16,4,"HUNT13",5,12,2010,"HUNT13 5"
"1","Female","Escopeta",15,0,4,"HUNT13",5,12,2010,"HUNT13 5"
"4","Male","Escopeta",2,10,4,"HUNT13",5,12,2010,"HUNT13 5"
"1","Male","Escopeta",12,0,4,"HUNT13",5,12,2010,"HUNT13 5"
"4","Female","Escopeta",0,16,2,"HUNT13",6,1,2011,"HUNT13 6"
"4","Male","Escopeta",0,2,2,"HUNT13",6,1,2011,"HUNT13 6"
"4","Female","Escopeta",0,3,1,"HUNT13",7,4,2011,"HUNT13 7"
"4","Male","Escopeta",0,3,1,"HUNT13",7,4,2011,"HUNT13 7"
"5","Female","Escopeta",0,8,3,"HUNT13",8,5,2011,"HUNT13 8"
"4","Female","Escopeta",0,14,3,"HUNT13",8,5,2011,"HUNT13 8"
"5","Male","Escopeta",0,3,3,"HUNT13",8,5,2011,"HUNT13 8"
"4","Male","Escopeta",0,5,3,"HUNT13",8,5,2011,"HUNT13 8"
"4","Female","Escopeta",0,7,1,"HUNT13",9,6,2011,"HUNT13 9"
"4","Male","Escopeta",0,2,1,"HUNT13",9,6,2011,"HUNT13 9"
"4","Female","Escopeta",0,23,5,"HUNT13",10,7,2011,"HUNT13 10"
"2","Female","Escopeta",2,3,5,"HUNT13",10,7,2011,"HUNT13 10"
"4","Male","Escopeta",0,8,5,"HUNT13",10,7,2011,"HUNT13 10"
"2","Male","Escopeta",0,3,5,"HUNT13",10,7,2011,"HUNT13 10"
"4","Female","Escopeta",1,29,7,"HUNT13",11,8,2011,"HUNT13 11"
"2","Female","Escopeta",2,7,7,"HUNT13",11,8,2011,"HUNT13 11"
"4","Male","Escopeta",1,27,7,"HUNT13",11,8,2011,"HUNT13 11"
"2","Male","Escopeta",0,0,7,"HUNT13",11,8,2011,"HUNT13 11"
"4","Female","Escopeta",1,27,5,"HUNT13",12,9,2011,"HUNT13 12"
"4","Male","Escopeta",0,16,5,"HUNT13",12,9,2011,"HUNT13 12"
"4","Male","Escopeta",0,10,4,"HUNT13",15,12,2011,"HUNT13 15"
"4","Female","Escopeta",0,22,4,"HUNT13",15,12,2011,"HUNT13 15"
"4","Female","Escopeta",0,16,4,"HUNT13",16,1,2012,"HUNT13 16"
"4","Male","Escopeta",1,8,4,"HUNT13",16,1,2012,"HUNT13 16"
"4","Female","Escopeta",0,9,2,"HUNT13",17,3,2012,"HUNT13 17"
"4","Male","Escopeta",0,7,2,"HUNT13",17,3,2012,"HUNT13 17"
"4","Male","Escopeta",0,8,5,"HUNT13",18,4,2012,"HUNT13 18"
"5","Male","Escopeta",0,3,5,"HUNT13",18,4,2012,"HUNT13 18"
"3","Male","Escopeta",0,1,5,"HUNT13",18,4,2012,"HUNT13 18"
"4","Female","Escopeta",0,17,5,"HUNT13",18,4,2012,"HUNT13 18"
"5","Female","Escopeta",0,5,5,"HUNT13",18,4,2012,"HUNT13 18"
"3","Female","Escopeta",0,7,5,"HUNT13",18,4,2012,"HUNT13 18"
"4","Female","Escopeta",0,19,3,"HUNT13",19,5,2012,"HUNT13 19"
"4","Male","Escopeta",1,5,3,"HUNT13",19,5,2012,"HUNT13 19"
"4","Female","Escopeta",0,8,3,"HUNT13",20,6,2012,"HUNT13 20"
"3","Female","Escopeta",0,4,3,"HUNT13",20,6,2012,"HUNT13 20"
"4","Male","Escopeta",1,4,3,"HUNT13",20,6,2012,"HUNT13 20"
"3","Male","Escopeta",0,3,3,"HUNT13",20,6,2012,"HUNT13 20"
"4","Male","Escopeta",0,2,1,"HUNT13",21,7,2012,"HUNT13 21"
"4","Female","Escopeta",0,7,1,"HUNT13",21,7,2012,"HUNT13 21"
"4","Female","Escopeta",0,17,3,"HUNT13",22,8,2012,"HUNT13 22"
"4","Male","Escopeta",0,6,3,"HUNT13",22,8,2012,"HUNT13 22"
"4","Female","Escopeta",0,13,2,"HUNT13",23,10,2012,"HUNT13 23"
"4","Male","Escopeta",0,5,2,"HUNT13",23,10,2012,"HUNT13 23"
"4","Female","Escopeta",3,5,1,"HUNT13",24,11,2012,"HUNT13 24"
"4","Male","Escopeta",0,2,1,"HUNT13",24,11,2012,"HUNT13 24"
"4","Female","Escopeta",1,4,1,"HUNT13",25,12,2012,"HUNT13 25"
"4","Male","Escopeta",0,2,1,"HUNT13",25,12,2012,"HUNT13 25"
"4","Female","Escopeta",0,4,1,"HUNT13",26,2,2013,"HUNT13 26"
"4","Male","Escopeta",0,2,1,"HUNT13",26,2,2013,"HUNT13 26"
"4","Female","Escopeta",0,4,1,"HUNT13",27,3,2013,"HUNT13 27"
"4","Male","Escopeta",0,0,1,"HUNT13",27,3,2013,"HUNT13 27"
"4","Male","Escopeta",0,1,1,"HUNT13",29,5,2013,"HUNT13 29"
"4","Female","Escopeta",0,4,1,"HUNT13",29,5,2013,"HUNT13 29"
"4","Male","Escopeta",1,2,1,"HUNT13",30,6,2013,"HUNT13 30"
"4","Female","Escopeta",1,1,1,"HUNT13",30,6,2013,"HUNT13 30"
"4","Female","Escopeta",1,0,1,"HUNT13",31,7,2013,"HUNT13 31"
"4","Female","Escopeta",0,14,2,"HUNT13",32,8,2013,"HUNT13 32"
"4","Male","Escopeta",0,2,2,"HUNT13",32,8,2013,"HUNT13 32"
"5","Female","Trampa",0,1,1,"HUNT14",1,8,2010,"HUNT14 1"
"5","Female","Trampa",0,2,1,"HUNT14",1,8,2010,"HUNT14 1"
"5","Male","Trampa",0,0,1,"HUNT14",1,8,2010,"HUNT14 1"
"5","Male","Trampa",0,2,1,"HUNT14",1,8,2010,"HUNT14 1"
"5","Female","Escopeta",0,0,1,"HUNT14",1,8,2010,"HUNT14 1"
"5","Female","Escopeta",1,0,1,"HUNT14",1,8,2010,"HUNT14 1"
"5","Male","Escopeta",0,0,1,"HUNT14",1,8,2010,"HUNT14 1"
"5","Male","Escopeta",0,0,1,"HUNT14",1,8,2010,"HUNT14 1"
"5","Female","Trampa",2,0,1,"HUNT14",3,10,2010,"HUNT14 3"
"5","Female","Trampa",0,7,1,"HUNT14",4,11,2010,"HUNT14 4"
"5","Male","Trampa",0,3,1,"HUNT14",4,11,2010,"HUNT14 4"
"4","Female","Trampa",0,11,2,"HUNT15",6,1,2011,"HUNT15 6"
"4","Male","Trampa",1,9,2,"HUNT15",6,1,2011,"HUNT15 6"
"4","Female","Trampa",0,10,2,"HUNT15",7,4,2011,"HUNT15 7"
"4","Male","Trampa",0,5,2,"HUNT15",7,4,2011,"HUNT15 7"
"4","Female","Trampa",0,13,2,"HUNT15",8,5,2011,"HUNT15 8"
"4","Male","Trampa",1,3,2,"HUNT15",8,5,2011,"HUNT15 8"
"4","Female","Trampa",0,8,1,"HUNT15",9,6,2011,"HUNT15 9"
"4","Male","Trampa",0,6,1,"HUNT15",9,6,2011,"HUNT15 9"
"4","Female","Trampa",1,15,3,"HUNT15",10,7,2011,"HUNT15 10"
"4","Male","Trampa",1,7,3,"HUNT15",10,7,2011,"HUNT15 10"
"4","Female","Trampa",1,13,2,"HUNT15",11,8,2011,"HUNT15 11"
"4","Male","Trampa",2,6,2,"HUNT15",11,8,2011,"HUNT15 11"
"4","Female","Trampa",1,20,2,"HUNT15",12,9,2011,"HUNT15 12"
"4","Male","Trampa",3,3,2,"HUNT15",12,9,2011,"HUNT15 12"
"4","Female","Trampa",2,4,1,"HUNT15",14,11,2011,"HUNT15 14"
"4","Male","Trampa",0,3,1,"HUNT15",14,11,2011,"HUNT15 14"
"4","Female","Trampa",2,10,2,"HUNT15",15,12,2011,"HUNT15 15"
"4","Male","Trampa",0,8,2,"HUNT15",15,12,2011,"HUNT15 15"
"4","Female","Trampa",0,14,2,"HUNT15",17,3,2012,"HUNT15 17"
"4","Male","Trampa",0,4,2,"HUNT15",17,3,2012,"HUNT15 17"
"2","Male","Trampa",0,4,6,"HUNT16",1,8,2010,"HUNT16 1"
"4","Male","Trampa",1,7,6,"HUNT16",1,8,2010,"HUNT16 1"
"2","Female","Trampa",0,5,6,"HUNT16",1,8,2010,"HUNT16 1"
"4","Female","Trampa",0,15,6,"HUNT16",1,8,2010,"HUNT16 1"
"2","Male","Escopeta",0,0,6,"HUNT16",1,8,2010,"HUNT16 1"
"4","Male","Escopeta",1,0,6,"HUNT16",1,8,2010,"HUNT16 1"
"2","Female","Escopeta",0,0,6,"HUNT16",1,8,2010,"HUNT16 1"
"4","Female","Escopeta",0,0,6,"HUNT16",1,8,2010,"HUNT16 1"
"4","Female","Trampa",1,42,8,"HUNT16",2,9,2010,"HUNT16 2"
"4","Male","Trampa",0,21,8,"HUNT16",2,9,2010,"HUNT16 2"
"4","Female","Trampa",0,21,9,"HUNT16",3,10,2010,"HUNT16 3"
"3","Female","Trampa",0,0,9,"HUNT16",3,10,2010,"HUNT16 3"
"2","Female","Trampa",0,2,9,"HUNT16",3,10,2010,"HUNT16 3"
"4","Male","Trampa",0,21,9,"HUNT16",3,10,2010,"HUNT16 3"
"3","Male","Trampa",0,0,9,"HUNT16",3,10,2010,"HUNT16 3"
"2","Male","Trampa",0,0,9,"HUNT16",3,10,2010,"HUNT16 3"
"4","Female","Escopeta",0,4,9,"HUNT16",3,10,2010,"HUNT16 3"
"3","Female","Escopeta",0,2,9,"HUNT16",3,10,2010,"HUNT16 3"
"2","Female","Escopeta",0,0,9,"HUNT16",3,10,2010,"HUNT16 3"
"4","Male","Escopeta",0,2,9,"HUNT16",3,10,2010,"HUNT16 3"
"3","Male","Escopeta",0,1,9,"HUNT16",3,10,2010,"HUNT16 3"
"2","Male","Escopeta",0,0,9,"HUNT16",3,10,2010,"HUNT16 3"
"4","Female","Trampa",0,36,5,"HUNT16",4,11,2010,"HUNT16 4"
"4","Male","Trampa",0,17,5,"HUNT16",4,11,2010,"HUNT16 4"
"4","Female","Escopeta",0,9,3,"HUNT16",5,12,2010,"HUNT16 5"
"3","Female","Escopeta",0,7,3,"HUNT16",5,12,2010,"HUNT16 5"
"4","Male","Escopeta",0,9,3,"HUNT16",5,12,2010,"HUNT16 5"
"3","Male","Escopeta",0,3,3,"HUNT16",5,12,2010,"HUNT16 5"
"3","Female","Escopeta",0,12,3,"HUNT16",6,1,2011,"HUNT16 6"
"3","Male","Escopeta",0,9,3,"HUNT16",6,1,2011,"HUNT16 6"
"3","Female","Escopeta",0,11,3,"HUNT16",7,4,2011,"HUNT16 7"
"3","Male","Escopeta",0,8,3,"HUNT16",7,4,2011,"HUNT16 7"
"3","Female","Escopeta",0,13,3,"HUNT16",8,5,2011,"HUNT16 8"
"3","Male","Escopeta",0,7,3,"HUNT16",8,5,2011,"HUNT16 8"
"3","Female","Escopeta",2,8,3,"HUNT16",9,6,2011,"HUNT16 9"
"5","Female","Escopeta",2,2,3,"HUNT16",9,6,2011,"HUNT16 9"
"5","Female","Escopeta",0,2,3,"HUNT16",9,6,2011,"HUNT16 9"
"3","Male","Escopeta",0,7,3,"HUNT16",9,6,2011,"HUNT16 9"
"5","Male","Escopeta",0,0,3,"HUNT16",9,6,2011,"HUNT16 9"
"5","Male","Escopeta",0,2,3,"HUNT16",9,6,2011,"HUNT16 9"
"3","Female","Escopeta",2,14,3,"HUNT16",10,7,2011,"HUNT16 10"
"3","Male","Escopeta",2,7,3,"HUNT16",10,7,2011,"HUNT16 10"
"3","Female","Trampa",0,5,3,"HUNT16",10,7,2011,"HUNT16 10"
"3","Male","Trampa",0,2,3,"HUNT16",10,7,2011,"HUNT16 10"
"3","Female","Trampa",0,19,4,"HUNT16",11,8,2011,"HUNT16 11"
"3","Male","Trampa",0,12,4,"HUNT16",11,8,2011,"HUNT16 11"
"3","Female","Escopeta",1,4,4,"HUNT16",11,8,2011,"HUNT16 11"
"3","Male","Escopeta",0,2,4,"HUNT16",11,8,2011,"HUNT16 11"
"3","Female","Trampa",0,16,3,"HUNT16",12,9,2011,"HUNT16 12"
"3","Male","Trampa",0,0,3,"HUNT16",12,9,2011,"HUNT16 12"
"3","Female","Escopeta",1,11,3,"HUNT16",12,9,2011,"HUNT16 12"
"3","Male","Escopeta",1,8,3,"HUNT16",12,9,2011,"HUNT16 12"
"3","Female","Trampa",0,6,4,"HUNT16",13,10,2011,"HUNT16 13"
"3","Male","Trampa",0,6,4,"HUNT16",13,10,2011,"HUNT16 13"
"3","Female","Escopeta",0,10,4,"HUNT16",13,10,2011,"HUNT16 13"
"3","Male","Escopeta",1,7,4,"HUNT16",13,10,2011,"HUNT16 13"
"3","Female","Escopeta",0,10,2,"HUNT16",14,11,2011,"HUNT16 14"
"3","Male","Escopeta",2,5,2,"HUNT16",14,11,2011,"HUNT16 14"
"3","Female","Escopeta",0,9,2,"HUNT16",15,12,2011,"HUNT16 15"
"3","Male","Escopeta",2,4,2,"HUNT16",15,12,2011,"HUNT16 15"
"3","Female","Trampa",0,3,1,"HUNT16",16,1,2012,"HUNT16 16"
"3","Male","Trampa",0,5,1,"HUNT16",16,1,2012,"HUNT16 16"
"3","Female","Trampa",0,7,2,"HUNT16",17,3,2012,"HUNT16 17"
"3","Male","Trampa",0,2,2,"HUNT16",17,3,2012,"HUNT16 17"
"3","Female","Escopeta",0,7,2,"HUNT16",17,3,2012,"HUNT16 17"
"3","Male","Escopeta",0,2,2,"HUNT16",17,3,2012,"HUNT16 17"
"3","Female","Escopeta",0,8,2,"HUNT16",18,4,2012,"HUNT16 18"
"3","Male","Escopeta",2,5,2,"HUNT16",18,4,2012,"HUNT16 18"
"3","Female","Escopeta",0,5,1,"HUNT16",19,5,2012,"HUNT16 19"
"3","Male","Escopeta",0,2,1,"HUNT16",19,5,2012,"HUNT16 19"
"3","Female","Trampa",0,19,4,"HUNT16",20,6,2012,"HUNT16 20"
"3","Male","Trampa",2,10,4,"HUNT16",20,6,2012,"HUNT16 20"
"3","Female","Trampa",0,11,2,"HUNT16",21,7,2012,"HUNT16 21"
"3","Male","Trampa",0,7,2,"HUNT16",21,7,2012,"HUNT16 21"
"3","Female","Trampa",0,4,1,"HUNT16",22,8,2012,"HUNT16 22"
"3","Male","Trampa",0,4,1,"HUNT16",22,8,2012,"HUNT16 22"
"3","Female","Escopeta",0,8,1,"HUNT16",23,10,2012,"HUNT16 23"
"3","Male","Escopeta",0,1,1,"HUNT16",23,10,2012,"HUNT16 23"
"3","Female","Escopeta",0,8,1,"HUNT16",24,11,2012,"HUNT16 24"
"3","Male","Escopeta",0,2,1,"HUNT16",24,11,2012,"HUNT16 24"
"3","Female","Trampa",0,2,4,"HUNT16",26,2,2013,"HUNT16 26"
"3","Male","Trampa",0,0,4,"HUNT16",26,2,2013,"HUNT16 26"
"3","Female","Escopeta",0,10,4,"HUNT16",26,2,2013,"HUNT16 26"
"3","Male","Escopeta",0,2,4,"HUNT16",26,2,2013,"HUNT16 26"
"3","Female","Escopeta",0,8,2,"HUNT16",27,3,2013,"HUNT16 27"
"3","Male","Escopeta",0,6,2,"HUNT16",27,3,2013,"HUNT16 27"
"3","Female","Trampa",0,3,2,"HUNT16",27,3,2013,"HUNT16 27"
"3","Male","Trampa",0,1,2,"HUNT16",27,3,2013,"HUNT16 27"
"4","Female","Escopeta",3,3,6,"HUNT16",31,7,2013,"HUNT16 31"
"2","Female","Escopeta",0,0,6,"HUNT16",31,7,2013,"HUNT16 31"
"3","Female","Escopeta",0,0,6,"HUNT16",31,7,2013,"HUNT16 31"
"4","Male","Escopeta",1,3,6,"HUNT16",31,7,2013,"HUNT16 31"
"2","Male","Escopeta",0,0,6,"HUNT16",31,7,2013,"HUNT16 31"
"3","Male","Escopeta",0,0,6,"HUNT16",31,7,2013,"HUNT16 31"
"4","Female","Trampa",0,5,6,"HUNT16",31,7,2013,"HUNT16 31"
"2","Female","Trampa",0,0,6,"HUNT16",31,7,2013,"HUNT16 31"
"3","Female","Trampa",4,2,6,"HUNT16",31,7,2013,"HUNT16 31"
"4","Male","Trampa",1,2,6,"HUNT16",31,7,2013,"HUNT16 31"
"2","Male","Trampa",0,0,6,"HUNT16",31,7,2013,"HUNT16 31"
"3","Male","Trampa",0,1,6,"HUNT16",31,7,2013,"HUNT16 31"
"3","Female","Trampa",1,6,3,"HUNT16",32,8,2013,"HUNT16 32"
"3","Male","Trampa",0,2,3,"HUNT16",32,8,2013,"HUNT16 32"
"3","Female","Escopeta",0,4,3,"HUNT16",32,8,2013,"HUNT16 32"
"3","Male","Escopeta",0,2,3,"HUNT16",32,8,2013,"HUNT16 32"
"5","Female","Escopeta",1,7,2,"HUNT17",8,5,2011,"HUNT17 8"
"5","Male","Escopeta",0,1,2,"HUNT17",8,5,2011,"HUNT17 8"
"5","Female","Trampa",0,4,2,"HUNT17",8,5,2011,"HUNT17 8"
"5","Male","Trampa",0,3,2,"HUNT17",8,5,2011,"HUNT17 8"
"3","Female","Trampa",0,4,1,"HUNT18",16,1,2012,"HUNT18 16"
"3","Male","Trampa",0,3,1,"HUNT18",16,1,2012,"HUNT18 16"
"2","Female","Trampa",0,7,1,"HUNT18",17,3,2012,"HUNT18 17"
"2","Male","Trampa",0,3,1,"HUNT18",17,3,2012,"HUNT18 17"
"1","Female","Trampa",1,0,1,"HUNT19",1,8,2010,"HUNT19 1"
"5","Female","Trampa",1,15,3,"HUNT20",8,5,2011,"HUNT20 8"
"5","Male","Trampa",0,9,3,"HUNT20",8,5,2011,"HUNT20 8"
"5","Female","Trampa",0,14,2,"HUNT20",9,6,2011,"HUNT20 9"
"5","Male","Trampa",1,7,2,"HUNT20",9,6,2011,"HUNT20 9"
"5","Female","Trampa",0,7,1,"HUNT20",10,7,2011,"HUNT20 10"
"5","Female","Trampa",0,21,4,"HUNT20",11,8,2011,"HUNT20 11"
"5","Male","Trampa",0,15,4,"HUNT20",11,8,2011,"HUNT20 11"
"5","Female","Escopeta",2,1,4,"HUNT20",11,8,2011,"HUNT20 11"
"5","Male","Escopeta",0,1,4,"HUNT20",11,8,2011,"HUNT20 11"
"5","Female","Trampa",2,13,2,"HUNT20",12,9,2011,"HUNT20 12"
"5","Male","Trampa",0,9,2,"HUNT20",12,9,2011,"HUNT20 12"
"5","Female","Trampa",0,9,2,"HUNT20",13,10,2011,"HUNT20 13"
"5","Male","Trampa",0,4,2,"HUNT20",13,10,2011,"HUNT20 13"
"5","Female","Trampa",0,10,2,"HUNT20",14,11,2011,"HUNT20 14"
"5","Male","Trampa",2,4,2,"HUNT20",14,11,2011,"HUNT20 14"
"5","Male","Escopeta",0,2,1,"HUNT20",18,4,2012,"HUNT20 18"
"5","Female","Escopeta",1,4,1,"HUNT20",18,4,2012,"HUNT20 18"
"5","Female","Escopeta",0,3,1,"HUNT20",19,5,2012,"HUNT20 19"
"5","Male","Escopeta",1,1,1,"HUNT20",19,5,2012,"HUNT20 19"
"5","Female","Trampa",2,2,1,"HUNT20",19,5,2012,"HUNT20 19"
"5","Male","Trampa",0,1,1,"HUNT20",19,5,2012,"HUNT20 19"
"5","Female","Trampa",0,6,1,"HUNT20",20,6,2012,"HUNT20 20"
"5","Male","Trampa",0,2,1,"HUNT20",20,6,2012,"HUNT20 20"
"5","Female","Trampa",0,6,1,"HUNT20",22,8,2012,"HUNT20 22"
"5","Male","Trampa",0,3,1,"HUNT20",22,8,2012,"HUNT20 22"
"5","Female","Trampa",0,7,2,"HUNT20",23,10,2012,"HUNT20 23"
"5","Male","Trampa",0,1,2,"HUNT20",23,10,2012,"HUNT20 23"
"5","Female","Escopeta",3,3,2,"HUNT20",23,10,2012,"HUNT20 23"
"5","Male","Escopeta",0,3,2,"HUNT20",23,10,2012,"HUNT20 23"
"5","Female","Trampa",0,7,1,"HUNT20",25,12,2012,"HUNT20 25"
"5","Male","Trampa",0,2,1,"HUNT20",25,12,2012,"HUNT20 25"
"5","Male","Trampa",0,3,2,"HUNT20",32,8,2013,"HUNT20 32"
"5","Female","Trampa",0,6,2,"HUNT20",32,8,2013,"HUNT20 32"
"5","Female","Trampa",0,14,2,"HUNT21",2,9,2010,"HUNT21 2"
"5","Male","Trampa",0,6,2,"HUNT21",2,9,2010,"HUNT21 2"
"5","Female","Trampa",1,2,1,"HUNT21",3,10,2010,"HUNT21 3"
"5","Male","Trampa",0,2,1,"HUNT21",3,10,2010,"HUNT21 3"
"5","Female","Escopeta",3,0,1,"HUNT22",1,8,2010,"HUNT22 1"
"5","Female","Trampa",0,1,1,"HUNT22",1,8,2010,"HUNT22 1"
"5","Female","Trampa",2,5,3,"HUNT22",2,9,2010,"HUNT22 2"
"5","Male","Trampa",0,2,3,"HUNT22",2,9,2010,"HUNT22 2"
"5","Female","Trampa",0,9,3,"HUNT22",3,10,2010,"HUNT22 3"
"5","Female","Trampa",0,5,1,"HUNT22",4,11,2010,"HUNT22 4"
"5","Male","Trampa",0,2,1,"HUNT22",4,11,2010,"HUNT22 4"
"5","Female","Trampa",0,5,1,"HUNT22",8,5,2011,"HUNT22 8"
"5","Male","Trampa",0,4,1,"HUNT22",8,5,2011,"HUNT22 8"
"5","Female","Trampa",0,9,1,"HUNT22",9,6,2011,"HUNT22 9"
"5","Female","Trampa",0,4,1,"HUNT22",10,7,2011,"HUNT22 10"
"5","Male","Trampa",0,2,1,"HUNT22",10,7,2011,"HUNT22 10"
"5","Male","Escopeta",1,0,1,"HUNT22",14,11,2011,"HUNT22 14"
"5","Female","Escopeta",1,1,1,"HUNT22",14,11,2011,"HUNT22 14"
"5","Male","Trampa",0,2,1,"HUNT22",14,11,2011,"HUNT22 14"
"5","Female","Trampa",0,3,1,"HUNT22",14,11,2011,"HUNT22 14"
"1","Female","Trampa",1,5,3,"HUNT23",1,8,2010,"HUNT23 1"
"1","Male","Trampa",1,4,3,"HUNT23",1,8,2010,"HUNT23 1"
"1","Female","Trampa",1,5,2,"HUNT23",2,9,2010,"HUNT23 2"
"1","Male","Trampa",0,2,2,"HUNT23",2,9,2010,"HUNT23 2"
"1","Male","Trampa",0,2,2,"HUNT23",3,10,2010,"HUNT23 3"
"1","Female","Trampa",0,6,2,"HUNT23",3,10,2010,"HUNT23 3"
"1","Female","Trampa",0,8,2,"HUNT23",4,11,2010,"HUNT23 4"
"1","Male","Trampa",0,2,2,"HUNT23",4,11,2010,"HUNT23 4"
"1","Female","Trampa",0,5,1,"HUNT23",5,12,2010,"HUNT23 5"
"1","Male","Trampa",0,2,1,"HUNT23",5,12,2010,"HUNT23 5"
"1","Female","Trampa",0,2,1,"HUNT23",12,9,2011,"HUNT23 12"
"1","Female","Trampa",0,3,2,"HUNT23",13,10,2011,"HUNT23 13"
"1","Male","Trampa",1,4,2,"HUNT23",13,10,2011,"HUNT23 13"
"1","Female","Trampa",1,0,1,"HUNT24",9,6,2011,"HUNT24 9"
"5","Female","Trampa",1,4,1,"HUNT24",9,6,2011,"HUNT24 9"
"1","Male","Trampa",0,0,1,"HUNT24",9,6,2011,"HUNT24 9"
"5","Male","Trampa",0,2,1,"HUNT24",9,6,2011,"HUNT24 9"
"1","Female","Trampa",2,0,1,"HUNT24",10,7,2011,"HUNT24 10"
"4","Female","Escopeta",1,7,2,"HUNT26",2,9,2010,"HUNT26 2"
"5","Female","Escopeta",0,0,2,"HUNT26",2,9,2010,"HUNT26 2"
"4","Male","Escopeta",0,1,2,"HUNT26",2,9,2010,"HUNT26 2"
"5","Male","Escopeta",0,0,2,"HUNT26",2,9,2010,"HUNT26 2"
"4","Female","Trampa",0,0,2,"HUNT26",2,9,2010,"HUNT26 2"
"5","Female","Trampa",0,5,2,"HUNT26",2,9,2010,"HUNT26 2"
"4","Male","Trampa",0,0,2,"HUNT26",2,9,2010,"HUNT26 2"
"5","Male","Trampa",0,0,2,"HUNT26",2,9,2010,"HUNT26 2"
"4","Female","Escopeta",0,1,1,"HUNT26",3,10,2010,"HUNT26 3"
"4","Male","Escopeta",0,1,1,"HUNT26",3,10,2010,"HUNT26 3"
"5","Female","Trampa",0,4,2,"HUNT26",4,11,2010,"HUNT26 4"
"5","Male","Trampa",1,1,2,"HUNT26",4,11,2010,"HUNT26 4"
"5","Female","Escopeta",0,12,2,"HUNT26",4,11,2010,"HUNT26 4"
"5","Male","Escopeta",1,10,2,"HUNT26",4,11,2010,"HUNT26 4"
"5","Female","Escopeta",0,9,1,"HUNT26",5,12,2010,"HUNT26 5"
"5","Male","Escopeta",0,2,1,"HUNT26",5,12,2010,"HUNT26 5"
"4","Female","Escopeta",0,7,1,"HUNT26",6,1,2011,"HUNT26 6"
"4","Male","Escopeta",0,2,1,"HUNT26",6,1,2011,"HUNT26 6"
"4","Female","Escopeta",0,4,1,"HUNT26",18,4,2012,"HUNT26 18"
"4","Male","Escopeta",0,3,1,"HUNT26",18,4,2012,"HUNT26 18"
"4","Female","Escopeta",0,5,1,"HUNT26",19,5,2012,"HUNT26 19"
"4","Male","Escopeta",0,2,1,"HUNT26",19,5,2012,"HUNT26 19"
"3","Male","Trampa",4,4,4,"HUNT27",31,7,2013,"HUNT27 31"
"2","Male","Trampa",0,2,4,"HUNT27",31,7,2013,"HUNT27 31"
"3","Female","Trampa",1,4,4,"HUNT27",31,7,2013,"HUNT27 31"
"2","Female","Trampa",1,1,4,"HUNT27",31,7,2013,"HUNT27 31"
"5","Female","Escopeta",0,1,1,"HUNT28",8,5,2011,"HUNT28 8"
"5","Male","Escopeta",0,2,1,"HUNT28",8,5,2011,"HUNT28 8"
"2","Female","Escopeta",0,4,1,"HUNT28",13,10,2011,"HUNT28 13"
"2","Male","Escopeta",0,3,1,"HUNT28",13,10,2011,"HUNT28 13"
"1","Female","Escopeta",1,5,1,"HUNT28",18,4,2012,"HUNT28 18"
"1","Male","Escopeta",0,2,1,"HUNT28",18,4,2012,"HUNT28 18"
"1","Female","Escopeta",0,9,1,"HUNT28",19,5,2012,"HUNT28 19"
"1","Female","Escopeta",5,12,4,"HUNT28",23,10,2012,"HUNT28 23"
"3","Female","Escopeta",0,7,4,"HUNT28",23,10,2012,"HUNT28 23"
"1","Male","Escopeta",0,2,4,"HUNT28",23,10,2012,"HUNT28 23"
"3","Male","Escopeta",0,1,4,"HUNT28",23,10,2012,"HUNT28 23"
"1","Female","Escopeta",4,9,2,"HUNT28",24,11,2012,"HUNT28 24"
"1","Male","Escopeta",1,2,2,"HUNT28",24,11,2012,"HUNT28 24"
"1","Female","Escopeta",2,5,1,"HUNT28",25,12,2012,"HUNT28 25"
"3","Female","Escopeta",0,4,2,"HUNT28",26,2,2013,"HUNT28 26"
"3","Male","Escopeta",0,1,2,"HUNT28",26,2,2013,"HUNT28 26"
"3","Female","Escopeta",0,3,1,"HUNT28",27,3,2013,"HUNT28 27"
"3","Male","Escopeta",0,2,1,"HUNT28",27,3,2013,"HUNT28 27"
"3","Female","Escopeta",0,8,2,"HUNT28",28,4,2013,"HUNT28 28"
"3","Male","Escopeta",0,3,2,"HUNT28",28,4,2013,"HUNT28 28"
"5","Female","Escopeta",0,2,1,"HUNT28",31,7,2013,"HUNT28 31"
"5","Female","Trampa",3,21,3,"HUNT29",2,9,2010,"HUNT29 2"
"5","Male","Trampa",1,6,3,"HUNT29",2,9,2010,"HUNT29 2"
"5","Female","Trampa",1,3,2,"HUNT29",3,10,2010,"HUNT29 3"
"5","Male","Trampa",0,3,2,"HUNT29",3,10,2010,"HUNT29 3"
"4","Female","Escopeta",1,4,2,"HUNT30",2,9,2010,"HUNT30 2"
"4","Female","Escopeta",0,9,4,"HUNT30",3,10,2010,"HUNT30 3"
"1","Female","Escopeta",1,0,4,"HUNT30",3,10,2010,"HUNT30 3"
"2","Female","Escopeta",0,1,4,"HUNT30",3,10,2010,"HUNT30 3"
"4","Male","Escopeta",0,6,4,"HUNT30",3,10,2010,"HUNT30 3"
"1","Male","Escopeta",0,0,4,"HUNT30",3,10,2010,"HUNT30 3"
"2","Male","Escopeta",0,0,4,"HUNT30",3,10,2010,"HUNT30 3"
"4","Female","Escopeta",0,4,1,"HUNT30",4,11,2010,"HUNT30 4"
"4","Male","Escopeta",0,3,1,"HUNT30",4,11,2010,"HUNT30 4"
"4","Female","Escopeta",0,3,1,"HUNT30",6,1,2011,"HUNT30 6"
"4","Male","Escopeta",0,4,1,"HUNT30",6,1,2011,"HUNT30 6"
"3","Female","Escopeta",0,7,1,"HUNT30",10,7,2011,"HUNT30 10"
"4","Female","Escopeta",0,5,1,"HUNT30",24,11,2012,"HUNT30 24"
"4","Male","Escopeta",0,4,1,"HUNT30",24,11,2012,"HUNT30 24"
"4","Female","Escopeta",0,6,1,"HUNT30",25,12,2012,"HUNT30 25"
"4","Male","Escopeta",0,0,1,"HUNT30",25,12,2012,"HUNT30 25"
"3","Female","Escopeta",0,8,1,"HUNT30",32,8,2013,"HUNT30 32"
"1","Female","Escopeta",0,1,1,"HUNT31",18,4,2012,"HUNT31 18"
"1","Female","Trampa",0,1,1,"HUNT32",2,9,2010,"HUNT32 2"
"1","Male","Trampa",1,0,1,"HUNT32",2,9,2010,"HUNT32 2"
"1","Female","Escopeta",0,9,4,"HUNT32",3,10,2010,"HUNT32 3"
"3","Female","Escopeta",0,7,4,"HUNT32",3,10,2010,"HUNT32 3"
"1","Male","Escopeta",0,3,4,"HUNT32",3,10,2010,"HUNT32 3"
"3","Male","Escopeta",0,6,4,"HUNT32",3,10,2010,"HUNT32 3"
"1","Female","Escopeta",2,21,5,"HUNT32",4,11,2010,"HUNT32 4"
"1","Male","Escopeta",4,10,5,"HUNT32",4,11,2010,"HUNT32 4"
"1","Female","Trampa",1,1,1,"HUNT32",5,12,2010,"HUNT32 5"
"1","Male","Trampa",0,1,1,"HUNT32",5,12,2010,"HUNT32 5"
"3","Female","Escopeta",0,2,2,"HUNT32",7,4,2011,"HUNT32 7"
"1","Female","Escopeta",1,2,2,"HUNT32",7,4,2011,"HUNT32 7"
"3","Male","Escopeta",0,2,2,"HUNT32",7,4,2011,"HUNT32 7"
"1","Male","Escopeta",2,0,2,"HUNT32",7,4,2011,"HUNT32 7"
"1","Female","Escopeta",2,2,1,"HUNT32",8,5,2011,"HUNT32 8"
"1","Male","Escopeta",1,1,1,"HUNT32",8,5,2011,"HUNT32 8"
"3","Female","Trampa",2,13,3,"HUNT32",9,6,2011,"HUNT32 9"
"3","Male","Trampa",1,2,3,"HUNT32",9,6,2011,"HUNT32 9"
"3","Female","Trampa",0,11,3,"HUNT32",10,7,2011,"HUNT32 10"
"3","Male","Trampa",0,4,3,"HUNT32",10,7,2011,"HUNT32 10"
"3","Female","Escopeta",1,3,3,"HUNT32",10,7,2011,"HUNT32 10"
"3","Male","Escopeta",0,1,3,"HUNT32",10,7,2011,"HUNT32 10"
"1","Female","Escopeta",1,10,2,"HUNT32",11,8,2011,"HUNT32 11"
"1","Male","Escopeta",2,2,2,"HUNT32",11,8,2011,"HUNT32 11"
"3","Female","Escopeta",2,8,4,"HUNT32",12,9,2011,"HUNT32 12"
"1","Female","Escopeta",1,12,4,"HUNT32",12,9,2011,"HUNT32 12"
"3","Male","Escopeta",0,8,4,"HUNT32",12,9,2011,"HUNT32 12"
"1","Male","Escopeta",0,2,4,"HUNT32",12,9,2011,"HUNT32 12"
"1","Female","Escopeta",1,7,5,"HUNT32",13,10,2011,"HUNT32 13"
"3","Female","Escopeta",0,6,5,"HUNT32",13,10,2011,"HUNT32 13"
"1","Male","Escopeta",0,7,5,"HUNT32",13,10,2011,"HUNT32 13"
"3","Male","Escopeta",0,5,5,"HUNT32",13,10,2011,"HUNT32 13"
"1","Female","Escopeta",2,11,3,"HUNT32",14,11,2011,"HUNT32 14"
"1","Male","Escopeta",1,6,3,"HUNT32",14,11,2011,"HUNT32 14"
"3","Female","Escopeta",0,4,2,"HUNT32",15,12,2011,"HUNT32 15"
"1","Female","Escopeta",1,1,2,"HUNT32",15,12,2011,"HUNT32 15"
"3","Male","Escopeta",0,5,2,"HUNT32",15,12,2011,"HUNT32 15"
"1","Male","Escopeta",0,1,2,"HUNT32",15,12,2011,"HUNT32 15"
"1","Female","Escopeta",0,1,1,"HUNT32",16,1,2012,"HUNT32 16"
"1","Male","Escopeta",1,4,1,"HUNT32",16,1,2012,"HUNT32 16"
"1","Female","Escopeta",1,10,3,"HUNT32",17,3,2012,"HUNT32 17"
"3","Female","Escopeta",0,6,3,"HUNT32",17,3,2012,"HUNT32 17"
"1","Male","Escopeta",0,3,3,"HUNT32",17,3,2012,"HUNT32 17"
"3","Male","Escopeta",0,1,3,"HUNT32",17,3,2012,"HUNT32 17"
"1","Female","Escopeta",0,13,3,"HUNT32",18,4,2012,"HUNT32 18"
"1","Male","Escopeta",0,8,3,"HUNT32",18,4,2012,"HUNT32 18"
"1","Female","Escopeta",0,3,2,"HUNT32",19,5,2012,"HUNT32 19"
"3","Female","Escopeta",0,6,2,"HUNT32",19,5,2012,"HUNT32 19"
"1","Male","Escopeta",0,2,2,"HUNT32",19,5,2012,"HUNT32 19"
"3","Male","Escopeta",0,2,2,"HUNT32",19,5,2012,"HUNT32 19"
"1","Female","Trampa",3,9,7,"HUNT32",20,6,2012,"HUNT32 20"
"3","Female","Trampa",0,0,7,"HUNT32",20,6,2012,"HUNT32 20"
"1","Male","Trampa",2,6,7,"HUNT32",20,6,2012,"HUNT32 20"
"3","Male","Trampa",0,0,7,"HUNT32",20,6,2012,"HUNT32 20"
"1","Female","Escopeta",2,8,7,"HUNT32",20,6,2012,"HUNT32 20"
"3","Female","Escopeta",0,9,7,"HUNT32",20,6,2012,"HUNT32 20"
"1","Male","Escopeta",2,2,7,"HUNT32",20,6,2012,"HUNT32 20"
"3","Male","Escopeta",0,5,7,"HUNT32",20,6,2012,"HUNT32 20"
"1","Male","Escopeta",4,6,6,"HUNT32",21,7,2012,"HUNT32 21"
"3","Male","Escopeta",0,6,6,"HUNT32",21,7,2012,"HUNT32 21"
"1","Female","Escopeta",4,9,6,"HUNT32",21,7,2012,"HUNT32 21"
"3","Female","Escopeta",0,9,6,"HUNT32",21,7,2012,"HUNT32 21"
"3","Female","Escopeta",0,14,4,"HUNT32",22,8,2012,"HUNT32 22"
"3","Male","Escopeta",0,8,4,"HUNT32",22,8,2012,"HUNT32 22"
"3","Female","Trampa",0,5,4,"HUNT32",22,8,2012,"HUNT32 22"
"3","Male","Trampa",0,2,4,"HUNT32",22,8,2012,"HUNT32 22"
"3","Female","Escopeta",0,3,4,"HUNT32",23,10,2012,"HUNT32 23"
"1","Female","Escopeta",7,7,4,"HUNT32",23,10,2012,"HUNT32 23"
"3","Male","Escopeta",0,2,4,"HUNT32",23,10,2012,"HUNT32 23"
"1","Male","Escopeta",1,5,4,"HUNT32",23,10,2012,"HUNT32 23"
"1","Female","Escopeta",5,6,2,"HUNT32",24,11,2012,"HUNT32 24"
"1","Male","Escopeta",0,1,2,"HUNT32",24,11,2012,"HUNT32 24"
"1","Female","Escopeta",2,6,4,"HUNT32",25,12,2012,"HUNT32 25"
"3","Female","Escopeta",0,13,4,"HUNT32",25,12,2012,"HUNT32 25"
"1","Male","Escopeta",0,4,4,"HUNT32",25,12,2012,"HUNT32 25"
"3","Male","Escopeta",0,0,4,"HUNT32",25,12,2012,"HUNT32 25"
"1","Male","Escopeta",0,1,1,"HUNT32",26,2,2013,"HUNT32 26"
"1","Female","Escopeta",2,4,3,"HUNT32",27,3,2013,"HUNT32 27"
"3","Female","Escopeta",0,3,3,"HUNT32",27,3,2013,"HUNT32 27"
"1","Male","Escopeta",2,2,3,"HUNT32",27,3,2013,"HUNT32 27"
"3","Male","Escopeta",0,3,3,"HUNT32",27,3,2013,"HUNT32 27"
"1","Female","Escopeta",1,1,1,"HUNT32",29,5,2013,"HUNT32 29"
"3","Female","Escopeta",0,5,2,"HUNT32",31,7,2013,"HUNT32 31"
"1","Female","Escopeta",0,0,2,"HUNT32",31,7,2013,"HUNT32 31"
"3","Male","Escopeta",0,3,2,"HUNT32",31,7,2013,"HUNT32 31"
"1","Male","Escopeta",0,1,2,"HUNT32",31,7,2013,"HUNT32 31"
"1","Female","Escopeta",0,3,1,"HUNT32",32,8,2013,"HUNT32 32"
"1","Male","Escopeta",0,3,1,"HUNT32",32,8,2013,"HUNT32 32"
"5","Female","Trampa",2,7,2,"HUNT33",3,10,2010,"HUNT33 3"
"4","Female","Trampa",0,0,2,"HUNT33",3,10,2010,"HUNT33 3"
"5","Male","Trampa",1,4,2,"HUNT33",3,10,2010,"HUNT33 3"
"4","Male","Trampa",0,0,2,"HUNT33",3,10,2010,"HUNT33 3"
"5","Female","Escopeta",0,0,2,"HUNT33",3,10,2010,"HUNT33 3"
"4","Female","Escopeta",0,4,2,"HUNT33",3,10,2010,"HUNT33 3"
"5","Male","Escopeta",0,0,2,"HUNT33",3,10,2010,"HUNT33 3"
"4","Male","Escopeta",0,1,2,"HUNT33",3,10,2010,"HUNT33 3"
"5","Female","Trampa",1,2,1,"HUNT33",4,11,2010,"HUNT33 4"
"5","Male","Trampa",0,2,1,"HUNT33",4,11,2010,"HUNT33 4"
"1","Male","Trampa",1,0,1,"HUNT34",2,9,2010,"HUNT34 2"
"2","Female","Trampa",0,2,3,"HUNT35",1,8,2010,"HUNT35 1"
"2","Male","Trampa",0,0,3,"HUNT35",1,8,2010,"HUNT35 1"
"2","Female","Escopeta",1,5,3,"HUNT35",1,8,2010,"HUNT35 1"
"2","Male","Escopeta",0,4,3,"HUNT35",1,8,2010,"HUNT35 1"
"4","Female","Escopeta",0,11,3,"HUNT35",2,9,2010,"HUNT35 2"
"4","Male","Escopeta",0,7,3,"HUNT35",2,9,2010,"HUNT35 2"
"4","Female","Escopeta",1,13,7,"HUNT35",3,10,2010,"HUNT35 3"
"3","Female","Escopeta",2,15,7,"HUNT35",3,10,2010,"HUNT35 3"
"4","Male","Escopeta",0,9,7,"HUNT35",3,10,2010,"HUNT35 3"
"3","Male","Escopeta",0,4,7,"HUNT35",3,10,2010,"HUNT35 3"
"4","Female","Escopeta",0,5,1,"HUNT35",4,11,2010,"HUNT35 4"
"4","Male","Escopeta",0,4,1,"HUNT35",4,11,2010,"HUNT35 4"
"4","Female","Escopeta",0,18,3,"HUNT35",6,1,2011,"HUNT35 6"
"4","Male","Escopeta",0,12,3,"HUNT35",6,1,2011,"HUNT35 6"
"4","Male","Trampa",3,2,2,"HUNT35",9,6,2011,"HUNT35 9"
"4","Female","Trampa",0,3,2,"HUNT35",9,6,2011,"HUNT35 9"
"4","Male","Escopeta",0,3,2,"HUNT35",9,6,2011,"HUNT35 9"
"4","Female","Escopeta",2,5,2,"HUNT35",9,6,2011,"HUNT35 9"
"4","Female","Escopeta",0,11,2,"HUNT35",10,7,2011,"HUNT35 10"
"4","Male","Escopeta",0,6,2,"HUNT35",10,7,2011,"HUNT35 10"
"3","Female","Escopeta",0,3,1,"HUNT35",17,3,2012,"HUNT35 17"
"3","Male","Escopeta",0,2,1,"HUNT35",17,3,2012,"HUNT35 17"
"3","Female","Escopeta",0,10,2,"HUNT35",28,4,2013,"HUNT35 28"
"3","Male","Escopeta",0,4,2,"HUNT35",28,4,2013,"HUNT35 28"
"2","Female","Escopeta",1,0,2,"HUNT35",29,5,2013,"HUNT35 29"
"4","Female","Escopeta",0,0,2,"HUNT35",29,5,2013,"HUNT35 29"
"2","Male","Escopeta",1,0,2,"HUNT35",29,5,2013,"HUNT35 29"
"4","Male","Escopeta",0,0,2,"HUNT35",29,5,2013,"HUNT35 29"
"2","Female","Trampa",0,0,2,"HUNT35",29,5,2013,"HUNT35 29"
"4","Female","Trampa",2,2,2,"HUNT35",29,5,2013,"HUNT35 29"
"2","Male","Trampa",0,0,2,"HUNT35",29,5,2013,"HUNT35 29"
"4","Male","Trampa",1,1,2,"HUNT35",29,5,2013,"HUNT35 29"
"4","Female","Escopeta",0,1,1,"HUNT35",30,6,2013,"HUNT35 30"
"4","Female","Trampa",0,5,1,"HUNT35",30,6,2013,"HUNT35 30"
"4","Male","Trampa",1,2,4,"HUNT35",31,7,2013,"HUNT35 31"
"3","Male","Trampa",0,4,4,"HUNT35",31,7,2013,"HUNT35 31"
"4","Female","Trampa",1,2,4,"HUNT35",31,7,2013,"HUNT35 31"
"3","Female","Trampa",1,4,4,"HUNT35",31,7,2013,"HUNT35 31"
"4","Male","Escopeta",1,0,4,"HUNT35",31,7,2013,"HUNT35 31"
"3","Male","Escopeta",0,0,4,"HUNT35",31,7,2013,"HUNT35 31"
"4","Female","Escopeta",0,0,4,"HUNT35",31,7,2013,"HUNT35 31"
"3","Female","Escopeta",0,0,4,"HUNT35",31,7,2013,"HUNT35 31"
"4","Female","Escopeta",4,0,2,"HUNT35",32,8,2013,"HUNT35 32"
"3","Female","Escopeta",0,0,2,"HUNT35",32,8,2013,"HUNT35 32"
"4","Male","Escopeta",1,0,2,"HUNT35",32,8,2013,"HUNT35 32"
"3","Male","Escopeta",0,0,2,"HUNT35",32,8,2013,"HUNT35 32"
"4","Female","Trampa",1,1,2,"HUNT35",32,8,2013,"HUNT35 32"
"3","Female","Trampa",3,1,2,"HUNT35",32,8,2013,"HUNT35 32"
"4","Male","Trampa",0,4,2,"HUNT35",32,8,2013,"HUNT35 32"
"3","Male","Trampa",2,0,2,"HUNT35",32,8,2013,"HUNT35 32"
"4","Male","Trampa",0,6,3,"HUNT36",2,9,2010,"HUNT36 2"
"4","Female","Trampa",0,7,3,"HUNT36",2,9,2010,"HUNT36 2"
"4","Female","Trampa",0,3,1,"HUNT36",3,10,2010,"HUNT36 3"
"3","Female","Trampa",0,5,5,"HUNT36",13,10,2011,"HUNT36 13"
"2","Female","Trampa",3,6,5,"HUNT36",13,10,2011,"HUNT36 13"
"3","Male","Trampa",1,1,5,"HUNT36",13,10,2011,"HUNT36 13"
"2","Male","Trampa",6,2,5,"HUNT36",13,10,2011,"HUNT36 13"
"3","Female","Trampa",0,1,4,"HUNT36",14,11,2011,"HUNT36 14"
"2","Female","Trampa",10,6,4,"HUNT36",14,11,2011,"HUNT36 14"
"3","Male","Trampa",0,0,4,"HUNT36",14,11,2011,"HUNT36 14"
"2","Male","Trampa",4,4,4,"HUNT36",14,11,2011,"HUNT36 14"
"2","Female","Trampa",3,0,4,"HUNT36",15,12,2011,"HUNT36 15"
"1","Female","Trampa",10,1,4,"HUNT36",15,12,2011,"HUNT36 15"
"2","Male","Trampa",0,3,4,"HUNT36",15,12,2011,"HUNT36 15"
"1","Male","Trampa",6,2,4,"HUNT36",15,12,2011,"HUNT36 15"
"2","Male","Trampa",9,6,5,"HUNT36",16,1,2012,"HUNT36 16"
"2","Female","Trampa",16,4,5,"HUNT36",16,1,2012,"HUNT36 16"
"2","Female","Trampa",18,2,4,"HUNT36",17,3,2012,"HUNT36 17"
"2","Male","Trampa",4,0,4,"HUNT36",17,3,2012,"HUNT36 17"
"2","Female","Trampa",5,5,3,"HUNT36",18,4,2012,"HUNT36 18"
"1","Female","Trampa",1,0,3,"HUNT36",18,4,2012,"HUNT36 18"
"3","Female","Trampa",0,4,3,"HUNT36",18,4,2012,"HUNT36 18"
"2","Male","Trampa",4,0,3,"HUNT36",18,4,2012,"HUNT36 18"
"1","Male","Trampa",1,0,3,"HUNT36",18,4,2012,"HUNT36 18"
"3","Male","Trampa",0,1,3,"HUNT36",18,4,2012,"HUNT36 18"
"2","Male","Trampa",3,3,3,"HUNT36",19,5,2012,"HUNT36 19"
"2","Female","Trampa",12,1,3,"HUNT36",19,5,2012,"HUNT36 19"
"5","Female","Trampa",0,13,4,"HUNT36",20,6,2012,"HUNT36 20"
"2","Female","Trampa",2,2,4,"HUNT36",20,6,2012,"HUNT36 20"
"5","Male","Trampa",1,6,4,"HUNT36",20,6,2012,"HUNT36 20"
"2","Male","Trampa",1,2,4,"HUNT36",20,6,2012,"HUNT36 20"
"2","Male","Trampa",0,4,3,"HUNT36",21,7,2012,"HUNT36 21"
"5","Male","Trampa",0,2,3,"HUNT36",21,7,2012,"HUNT36 21"
"2","Female","Trampa",1,7,3,"HUNT36",21,7,2012,"HUNT36 21"
"5","Female","Trampa",1,3,3,"HUNT36",21,7,2012,"HUNT36 21"
"5","Female","Trampa",0,9,3,"HUNT36",22,8,2012,"HUNT36 22"
"2","Female","Trampa",2,1,3,"HUNT36",22,8,2012,"HUNT36 22"
"5","Male","Trampa",0,4,3,"HUNT36",22,8,2012,"HUNT36 22"
"2","Male","Trampa",0,1,3,"HUNT36",22,8,2012,"HUNT36 22"
"2","Female","Trampa",8,3,3,"HUNT36",23,10,2012,"HUNT36 23"
"2","Male","Trampa",1,5,3,"HUNT36",23,10,2012,"HUNT36 23"
"2","Female","Trampa",8,6,3,"HUNT36",24,11,2012,"HUNT36 24"
"2","Male","Trampa",1,2,3,"HUNT36",24,11,2012,"HUNT36 24"
"2","Female","Trampa",8,2,2,"HUNT36",25,12,2012,"HUNT36 25"
"2","Male","Trampa",1,2,2,"HUNT36",25,12,2012,"HUNT36 25"
"2","Female","Trampa",1,0,1,"HUNT36",32,8,2013,"HUNT36 32"
"2","Male","Trampa",0,0,1,"HUNT36",32,8,2013,"HUNT36 32"
"5","Female","Escopeta",5,1,2,"HUNT37",1,8,2010,"HUNT37 1"
"5","Male","Escopeta",3,1,2,"HUNT37",1,8,2010,"HUNT37 1"
"5","Female","Trampa",1,3,2,"HUNT37",1,8,2010,"HUNT37 1"
"5","Male","Trampa",0,3,2,"HUNT37",1,8,2010,"HUNT37 1"
"5","Female","Trampa",0,12,2,"HUNT37",2,9,2010,"HUNT37 2"
"5","Male","Trampa",0,5,2,"HUNT37",2,9,2010,"HUNT37 2"
"5","Female","Escopeta",3,0,2,"HUNT37",2,9,2010,"HUNT37 2"
"5","Male","Escopeta",0,0,2,"HUNT37",2,9,2010,"HUNT37 2"
"5","Female","Trampa",0,3,1,"HUNT37",3,10,2010,"HUNT37 3"
"5","Male","Trampa",0,3,1,"HUNT37",3,10,2010,"HUNT37 3"
"5","Female","Escopeta",0,2,1,"HUNT37",3,10,2010,"HUNT37 3"
"5","Male","Escopeta",1,2,1,"HUNT37",3,10,2010,"HUNT37 3"
"5","Female","Trampa",0,4,1,"HUNT37",4,11,2010,"HUNT37 4"
"5","Male","Trampa",0,2,1,"HUNT37",4,11,2010,"HUNT37 4"
"5","Female","Trampa",1,4,1,"HUNT37",5,12,2010,"HUNT37 5"
"5","Male","Trampa",0,3,1,"HUNT37",5,12,2010,"HUNT37 5"
"5","Female","Trampa",0,16,3,"HUNT37",6,1,2011,"HUNT37 6"
"5","Male","Trampa",0,10,3,"HUNT37",6,1,2011,"HUNT37 6"
"5","Female","Trampa",0,11,2,"HUNT37",8,5,2011,"HUNT37 8"
"5","Male","Trampa",0,6,2,"HUNT37",8,5,2011,"HUNT37 8"
"5","Female","Trampa",2,7,1,"HUNT37",9,6,2011,"HUNT37 9"
"5","Female","Trampa",1,2,1,"HUNT37",10,7,2011,"HUNT37 10"
"5","Male","Trampa",0,4,1,"HUNT37",10,7,2011,"HUNT37 10"
"5","Female","Trampa",0,7,1,"HUNT37",11,8,2011,"HUNT37 11"
"5","Male","Trampa",0,4,1,"HUNT37",11,8,2011,"HUNT37 11"
"5","Female","Trampa",0,3,1,"HUNT37",15,12,2011,"HUNT37 15"
"5","Male","Trampa",0,2,1,"HUNT37",15,12,2011,"HUNT37 15"
"5","Female","Escopeta",2,1,1,"HUNT37",15,12,2011,"HUNT37 15"
"5","Male","Escopeta",0,0,1,"HUNT37",15,12,2011,"HUNT37 15"
"5","Female","Trampa",2,2,1,"HUNT37",17,3,2012,"HUNT37 17"
"5","Male","Trampa",0,4,1,"HUNT37",17,3,2012,"HUNT37 17"
"5","Female","Trampa",1,9,2,"HUNT37",21,7,2012,"HUNT37 21"
"5","Male","Trampa",0,9,2,"HUNT37",21,7,2012,"HUNT37 21"
"5","Female","Trampa",0,8,1,"HUNT37",22,8,2012,"HUNT37 22"
"5","Male","Trampa",0,2,1,"HUNT37",22,8,2012,"HUNT37 22"
"5","Female","Trampa",0,13,2,"HUNT37",23,10,2012,"HUNT37 23"
"5","Male","Trampa",1,6,2,"HUNT37",23,10,2012,"HUNT37 23"
"5","Female","Trampa",2,7,1,"HUNT37",25,12,2012,"HUNT37 25"
"5","Male","Trampa",0,0,1,"HUNT37",25,12,2012,"HUNT37 25"
"5","Female","Trampa",0,2,1,"HUNT37",26,2,2013,"HUNT37 26"
"5","Male","Trampa",0,2,1,"HUNT37",26,2,2013,"HUNT37 26"
"5","Female","Trampa",0,6,1,"HUNT37",27,3,2013,"HUNT37 27"
"5","Male","Trampa",0,4,1,"HUNT37",27,3,2013,"HUNT37 27"
"5","Male","Escopeta",0,1,1,"HUNT37",31,7,2013,"HUNT37 31"
"5","Female","Escopeta",0,1,1,"HUNT37",31,7,2013,"HUNT37 31"
"5","Female","Trampa",1,4,1,"HUNT37",32,8,2013,"HUNT37 32"
"5","Male","Trampa",0,2,1,"HUNT37",32,8,2013,"HUNT37 32"
"5","Female","Trampa",0,3,1,"HUNT38",1,8,2010,"HUNT38 1"
"5","Male","Trampa",0,1,1,"HUNT38",1,8,2010,"HUNT38 1"
"4","Female","Trampa",0,4,2,"HUNT38",3,10,2010,"HUNT38 3"
"5","Female","Trampa",0,4,2,"HUNT38",3,10,2010,"HUNT38 3"
"4","Male","Trampa",0,2,2,"HUNT38",3,10,2010,"HUNT38 3"
"5","Male","Trampa",0,1,2,"HUNT38",3,10,2010,"HUNT38 3"
"5","Female","Trampa",0,8,3,"HUNT38",4,11,2010,"HUNT38 4"
"5","Male","Trampa",0,4,3,"HUNT38",4,11,2010,"HUNT38 4"
"5","Female","Trampa",0,9,2,"HUNT38",7,4,2011,"HUNT38 7"
"5","Male","Trampa",0,2,2,"HUNT38",7,4,2011,"HUNT38 7"
"5","Female","Escopeta",0,1,2,"HUNT38",7,4,2011,"HUNT38 7"
"5","Male","Escopeta",0,0,2,"HUNT38",7,4,2011,"HUNT38 7"
"5","Female","Trampa",0,4,1,"HUNT38",8,5,2011,"HUNT38 8"
"5","Male","Trampa",0,4,1,"HUNT38",8,5,2011,"HUNT38 8"
"5","Female","Trampa",0,13,2,"HUNT38",10,7,2011,"HUNT38 10"
"5","Male","Trampa",0,6,2,"HUNT38",10,7,2011,"HUNT38 10"
"5","Female","Trampa",2,16,4,"HUNT38",11,8,2011,"HUNT38 11"
"5","Male","Trampa",1,19,4,"HUNT38",11,8,2011,"HUNT38 11"
"5","Female","Trampa",0,28,4,"HUNT38",12,9,2011,"HUNT38 12"
"5","Male","Trampa",0,9,4,"HUNT38",12,9,2011,"HUNT38 12"
"5","Female","Trampa",0,5,2,"HUNT38",13,10,2011,"HUNT38 13"
"5","Male","Trampa",0,8,2,"HUNT38",13,10,2011,"HUNT38 13"
"5","Female","Trampa",0,1,2,"HUNT38",15,12,2011,"HUNT38 15"
"5","Male","Trampa",0,0,2,"HUNT38",15,12,2011,"HUNT38 15"
"5","Female","Escopeta",1,6,2,"HUNT38",15,12,2011,"HUNT38 15"
"5","Male","Escopeta",0,6,2,"HUNT38",15,12,2011,"HUNT38 15"
"5","Female","Escopeta",2,5,2,"HUNT38",17,3,2012,"HUNT38 17"
"5","Male","Escopeta",1,2,2,"HUNT38",17,3,2012,"HUNT38 17"
"5","Female","Trampa",1,2,2,"HUNT38",17,3,2012,"HUNT38 17"
"5","Male","Trampa",1,0,2,"HUNT38",17,3,2012,"HUNT38 17"
"5","Male","Escopeta",2,6,3,"HUNT38",18,4,2012,"HUNT38 18"
"5","Female","Escopeta",1,12,3,"HUNT38",18,4,2012,"HUNT38 18"
"5","Male","Escopeta",1,6,2,"HUNT38",19,5,2012,"HUNT38 19"
"5","Female","Escopeta",0,5,2,"HUNT38",19,5,2012,"HUNT38 19"
"5","Female","Trampa",0,7,1,"HUNT38",20,6,2012,"HUNT38 20"
"5","Male","Trampa",0,2,1,"HUNT38",20,6,2012,"HUNT38 20"
"5","Female","Trampa",0,14,3,"HUNT38",21,7,2012,"HUNT38 21"
"5","Male","Trampa",0,8,3,"HUNT38",21,7,2012,"HUNT38 21"
"5","Female","Escopeta",2,1,3,"HUNT38",21,7,2012,"HUNT38 21"
"5","Male","Escopeta",0,0,3,"HUNT38",21,7,2012,"HUNT38 21"
"5","Female","Trampa",1,4,1,"HUNT38",22,8,2012,"HUNT38 22"
"5","Male","Trampa",1,1,1,"HUNT38",22,8,2012,"HUNT38 22"
"5","Female","Trampa",0,5,1,"HUNT38",23,10,2012,"HUNT38 23"
"5","Male","Trampa",0,2,1,"HUNT38",23,10,2012,"HUNT38 23"
"5","Female","Trampa",3,16,3,"HUNT38",24,11,2012,"HUNT38 24"
"5","Male","Trampa",1,2,3,"HUNT38",24,11,2012,"HUNT38 24"
"5","Female","Trampa",2,3,1,"HUNT38",25,12,2012,"HUNT38 25"
"5","Male","Trampa",0,1,1,"HUNT38",25,12,2012,"HUNT38 25"
"5","Female","Trampa",1,8,4,"HUNT38",26,2,2013,"HUNT38 26"
"5","Male","Trampa",0,5,4,"HUNT38",26,2,2013,"HUNT38 26"
"5","Female","Trampa",0,10,2,"HUNT38",27,3,2013,"HUNT38 27"
"5","Male","Trampa",1,3,2,"HUNT38",27,3,2013,"HUNT38 27"
"5","Female","Trampa",1,1,2,"HUNT38",31,7,2013,"HUNT38 31"
"5","Male","Trampa",0,0,2,"HUNT38",31,7,2013,"HUNT38 31"
"5","Female","Escopeta",0,0,2,"HUNT38",31,7,2013,"HUNT38 31"
"5","Male","Escopeta",1,0,2,"HUNT38",31,7,2013,"HUNT38 31"
"5","Female","Trampa",0,4,1,"HUNT38",32,8,2013,"HUNT38 32"
"5","Male","Trampa",0,2,1,"HUNT38",32,8,2013,"HUNT38 32"
"4","Female","Trampa",0,5,1,"HUNT38",33,9,2013,"HUNT38 33"
"4","Male","Trampa",0,1,1,"HUNT38",33,9,2013,"HUNT38 33"
"1","Female","Trampa",1,0,1,"HUNT39",1,8,2010,"HUNT39 1"
"1","Female","Trampa",1,0,1,"HUNT39",3,10,2010,"HUNT39 3"
"1","Female","Trampa",4,0,2,"HUNT39",9,6,2011,"HUNT39 9"
"1","Female","Trampa",3,0,1,"HUNT39",10,7,2011,"HUNT39 10"
"1","Female","Trampa",6,0,3,"HUNT39",13,10,2011,"HUNT39 13"
"1","Male","Trampa",3,0,3,"HUNT39",13,10,2011,"HUNT39 13"
"5","Female","Trampa",1,0,1,"HUNT40",27,3,2013,"HUNT40 27"
"5","Male","Escopeta",0,0,2,"HUNT40",31,7,2013,"HUNT40 31"
"5","Female","Escopeta",1,0,2,"HUNT40",31,7,2013,"HUNT40 31"
"5","Male","Trampa",0,1,2,"HUNT40",31,7,2013,"HUNT40 31"
"5","Female","Trampa",0,3,2,"HUNT40",31,7,2013,"HUNT40 31"
"3","Female","Trampa",3,22,4,"HUNT42",3,10,2010,"HUNT42 3"
"3","Male","Trampa",1,9,4,"HUNT42",3,10,2010,"HUNT42 3"
"3","Female","Trampa",4,8,4,"HUNT42",4,11,2010,"HUNT42 4"
"3","Male","Trampa",1,12,4,"HUNT42",4,11,2010,"HUNT42 4"
"3","Female","Escopeta",0,2,4,"HUNT42",4,11,2010,"HUNT42 4"
"3","Male","Escopeta",0,1,4,"HUNT42",4,11,2010,"HUNT42 4"
"3","Female","Trampa",0,9,2,"HUNT42",6,1,2011,"HUNT42 6"
"3","Male","Trampa",0,8,2,"HUNT42",6,1,2011,"HUNT42 6"
"3","Female","Escopeta",0,5,3,"HUNT42",7,4,2011,"HUNT42 7"
"3","Male","Escopeta",0,2,3,"HUNT42",7,4,2011,"HUNT42 7"
"3","Female","Trampa",0,7,3,"HUNT42",7,4,2011,"HUNT42 7"
"3","Male","Trampa",0,6,3,"HUNT42",7,4,2011,"HUNT42 7"
"3","Female","Trampa",5,7,2,"HUNT42",8,5,2011,"HUNT42 8"
"3","Male","Trampa",1,2,2,"HUNT42",8,5,2011,"HUNT42 8"
"3","Female","Trampa",0,6,2,"HUNT42",9,6,2011,"HUNT42 9"
"3","Male","Trampa",2,5,2,"HUNT42",9,6,2011,"HUNT42 9"
"3","Female","Trampa",2,14,2,"HUNT42",10,7,2011,"HUNT42 10"
"3","Female","Trampa",0,12,2,"HUNT42",11,8,2011,"HUNT42 11"
"3","Male","Trampa",3,9,2,"HUNT42",11,8,2011,"HUNT42 11"
"3","Female","Trampa",2,17,2,"HUNT42",12,9,2011,"HUNT42 12"
"3","Male","Trampa",2,4,2,"HUNT42",12,9,2011,"HUNT42 12"
"3","Male","Trampa",0,7,3,"HUNT42",13,10,2011,"HUNT42 13"
"3","Female","Trampa",3,6,3,"HUNT42",13,10,2011,"HUNT42 13"
"3","Male","Escopeta",0,5,3,"HUNT42",13,10,2011,"HUNT42 13"
"3","Female","Escopeta",0,1,3,"HUNT42",13,10,2011,"HUNT42 13"
"3","Female","Trampa",1,4,2,"HUNT42",14,11,2011,"HUNT42 14"
"3","Male","Trampa",1,9,2,"HUNT42",14,11,2011,"HUNT42 14"
"3","Female","Trampa",1,16,3,"HUNT42",15,12,2011,"HUNT42 15"
"3","Male","Trampa",0,8,3,"HUNT42",15,12,2011,"HUNT42 15"
"3","Female","Trampa",0,8,2,"HUNT42",16,1,2012,"HUNT42 16"
"3","Male","Trampa",0,5,2,"HUNT42",16,1,2012,"HUNT42 16"
"3","Female","Escopeta",0,1,2,"HUNT42",16,1,2012,"HUNT42 16"
"3","Male","Escopeta",0,2,2,"HUNT42",16,1,2012,"HUNT42 16"
"3","Female","Trampa",0,1,1,"HUNT42",17,3,2012,"HUNT42 17"
"3","Male","Trampa",0,0,1,"HUNT42",17,3,2012,"HUNT42 17"
"3","Female","Escopeta",1,4,1,"HUNT42",17,3,2012,"HUNT42 17"
"3","Male","Escopeta",0,2,1,"HUNT42",17,3,2012,"HUNT42 17"
"3","Male","Escopeta",0,2,1,"HUNT42",19,5,2012,"HUNT42 19"
"3","Female","Escopeta",0,8,1,"HUNT42",19,5,2012,"HUNT42 19"
"3","Male","Trampa",2,6,3,"HUNT42",20,6,2012,"HUNT42 20"
"3","Female","Trampa",0,14,3,"HUNT42",20,6,2012,"HUNT42 20"
"3","Male","Escopeta",0,1,3,"HUNT42",20,6,2012,"HUNT42 20"
"3","Female","Escopeta",0,3,3,"HUNT42",20,6,2012,"HUNT42 20"
"3","Female","Trampa",0,12,2,"HUNT42",21,7,2012,"HUNT42 21"
"3","Male","Trampa",0,5,2,"HUNT42",21,7,2012,"HUNT42 21"
"3","Female","Escopeta",0,0,2,"HUNT42",21,7,2012,"HUNT42 21"
"3","Male","Escopeta",1,1,2,"HUNT42",21,7,2012,"HUNT42 21"
"3","Female","Trampa",0,15,2,"HUNT42",22,8,2012,"HUNT42 22"
"3","Male","Trampa",0,5,2,"HUNT42",22,8,2012,"HUNT42 22"
"4","Female","Escopeta",0,7,2,"HUNT42",23,10,2012,"HUNT42 23"
"3","Female","Escopeta",0,7,2,"HUNT42",23,10,2012,"HUNT42 23"
"4","Male","Escopeta",1,2,2,"HUNT42",23,10,2012,"HUNT42 23"
"3","Male","Escopeta",0,2,2,"HUNT42",23,10,2012,"HUNT42 23"
"4","Female","Escopeta",3,2,1,"HUNT42",24,11,2012,"HUNT42 24"
"4","Male","Escopeta",0,3,1,"HUNT42",24,11,2012,"HUNT42 24"
"4","Female","Escopeta",0,6,1,"HUNT42",25,12,2012,"HUNT42 25"
"4","Male","Escopeta",0,3,1,"HUNT42",25,12,2012,"HUNT42 25"
"3","Female","Trampa",1,3,3,"HUNT42",26,2,2013,"HUNT42 26"
"3","Male","Trampa",0,1,3,"HUNT42",26,2,2013,"HUNT42 26"
"3","Female","Escopeta",0,7,3,"HUNT42",26,2,2013,"HUNT42 26"
"3","Male","Escopeta",0,4,3,"HUNT42",26,2,2013,"HUNT42 26"
"3","Male","Trampa",0,6,2,"HUNT42",27,3,2013,"HUNT42 27"
"3","Female","Trampa",0,3,2,"HUNT42",27,3,2013,"HUNT42 27"
"3","Male","Escopeta",0,0,2,"HUNT42",27,3,2013,"HUNT42 27"
"3","Female","Escopeta",0,1,2,"HUNT42",27,3,2013,"HUNT42 27"
"1","Female","Escopeta",4,0,3,"HUNT44",17,3,2012,"HUNT44 17"
"2","Female","Escopeta",1,3,3,"HUNT44",17,3,2012,"HUNT44 17"
"3","Female","Escopeta",2,5,3,"HUNT44",17,3,2012,"HUNT44 17"
"1","Male","Escopeta",1,0,3,"HUNT44",17,3,2012,"HUNT44 17"
"2","Male","Escopeta",1,0,3,"HUNT44",17,3,2012,"HUNT44 17"
"3","Male","Escopeta",0,0,3,"HUNT44",17,3,2012,"HUNT44 17"
"2","Female","Escopeta",0,10,2,"HUNT44",18,4,2012,"HUNT44 18"
"2","Male","Escopeta",0,4,2,"HUNT44",18,4,2012,"HUNT44 18"
"2","Female","Escopeta",0,4,4,"HUNT44",19,5,2012,"HUNT44 19"
"1","Female","Escopeta",1,14,4,"HUNT44",19,5,2012,"HUNT44 19"
"2","Male","Escopeta",0,2,4,"HUNT44",19,5,2012,"HUNT44 19"
"1","Male","Escopeta",0,8,4,"HUNT44",19,5,2012,"HUNT44 19"
"1","Female","Trampa",5,2,2,"HUNT44",20,6,2012,"HUNT44 20"
"1","Male","Trampa",5,1,2,"HUNT44",20,6,2012,"HUNT44 20"
"1","Female","Trampa",2,8,3,"HUNT44",21,7,2012,"HUNT44 21"
"1","Male","Trampa",2,8,3,"HUNT44",21,7,2012,"HUNT44 21"
"1","Female","Trampa",7,4,3,"HUNT44",22,8,2012,"HUNT44 22"
"1","Male","Trampa",0,6,3,"HUNT44",22,8,2012,"HUNT44 22"
"1","Female","Trampa",4,2,4,"HUNT45",10,7,2011,"HUNT45 10"
"2","Female","Trampa",1,6,4,"HUNT45",10,7,2011,"HUNT45 10"
"1","Male","Trampa",2,0,4,"HUNT45",10,7,2011,"HUNT45 10"
"2","Male","Trampa",1,0,4,"HUNT45",10,7,2011,"HUNT45 10"
"2","Female","Trampa",2,1,1,"HUNT45",11,8,2011,"HUNT45 11"
"2","Male","Trampa",0,3,1,"HUNT45",11,8,2011,"HUNT45 11"
"5","Female","Trampa",1,6,2,"HUNT46",1,8,2010,"HUNT46 1"
"5","Male","Trampa",2,5,2,"HUNT46",1,8,2010,"HUNT46 1"
"5","Female","Escopeta",2,0,2,"HUNT46",1,8,2010,"HUNT46 1"
"5","Male","Escopeta",1,0,2,"HUNT46",1,8,2010,"HUNT46 1"
"5","Female","Trampa",1,11,2,"HUNT46",2,9,2010,"HUNT46 2"
"5","Male","Trampa",0,10,2,"HUNT46",2,9,2010,"HUNT46 2"
"5","Female","Escopeta",0,2,2,"HUNT46",2,9,2010,"HUNT46 2"
"5","Male","Escopeta",1,0,2,"HUNT46",2,9,2010,"HUNT46 2"
"5","Male","Escopeta",0,0,4,"HUNT46",3,10,2010,"HUNT46 3"
"5","Female","Escopeta",0,0,4,"HUNT46",3,10,2010,"HUNT46 3"
"5","Male","Trampa",0,13,4,"HUNT46",3,10,2010,"HUNT46 3"
"5","Female","Trampa",0,15,4,"HUNT46",3,10,2010,"HUNT46 3"
"5","Female","Trampa",0,12,3,"HUNT46",4,11,2010,"HUNT46 4"
"5","Male","Trampa",0,5,3,"HUNT46",4,11,2010,"HUNT46 4"
"5","Female","Escopeta",1,6,3,"HUNT46",4,11,2010,"HUNT46 4"
"5","Male","Escopeta",1,2,3,"HUNT46",4,11,2010,"HUNT46 4"
"5","Female","Trampa",0,8,2,"HUNT46",8,5,2011,"HUNT46 8"
"5","Male","Trampa",0,5,2,"HUNT46",8,5,2011,"HUNT46 8"
"5","Female","Escopeta",0,2,2,"HUNT46",8,5,2011,"HUNT46 8"
"5","Male","Escopeta",0,5,2,"HUNT46",8,5,2011,"HUNT46 8"
"5","Female","Escopeta",4,5,2,"HUNT46",9,6,2011,"HUNT46 9"
"5","Male","Escopeta",0,2,2,"HUNT46",9,6,2011,"HUNT46 9"
"5","Female","Trampa",0,1,2,"HUNT46",9,6,2011,"HUNT46 9"
"5","Male","Trampa",0,0,2,"HUNT46",9,6,2011,"HUNT46 9"
"5","Female","Escopeta",5,6,3,"HUNT46",10,7,2011,"HUNT46 10"
"5","Male","Escopeta",1,3,3,"HUNT46",10,7,2011,"HUNT46 10"
"5","Female","Trampa",1,2,3,"HUNT46",10,7,2011,"HUNT46 10"
"5","Male","Trampa",0,0,3,"HUNT46",10,7,2011,"HUNT46 10"
"5","Female","Trampa",0,6,2,"HUNT46",11,8,2011,"HUNT46 11"
"5","Male","Trampa",0,4,2,"HUNT46",11,8,2011,"HUNT46 11"
"5","Female","Escopeta",2,4,2,"HUNT46",11,8,2011,"HUNT46 11"
"5","Male","Escopeta",3,0,2,"HUNT46",11,8,2011,"HUNT46 11"
"5","Female","Trampa",2,11,1,"HUNT46",12,9,2011,"HUNT46 12"
"5","Female","Trampa",0,3,1,"HUNT46",13,10,2011,"HUNT46 13"
"5","Male","Trampa",0,3,1,"HUNT46",13,10,2011,"HUNT46 13"
"5","Female","Escopeta",1,0,1,"HUNT46",13,10,2011,"HUNT46 13"
"5","Male","Escopeta",1,0,1,"HUNT46",13,10,2011,"HUNT46 13"
"5","Female","Trampa",0,1,1,"HUNT46",15,12,2011,"HUNT46 15"
"5","Male","Trampa",0,0,1,"HUNT46",15,12,2011,"HUNT46 15"
"5","Female","Escopeta",1,3,1,"HUNT46",15,12,2011,"HUNT46 15"
"5","Male","Escopeta",0,2,1,"HUNT46",15,12,2011,"HUNT46 15"
"4","Female","Escopeta",0,18,4,"HUNT47",2,9,2010,"HUNT47 2"
"4","Male","Escopeta",0,6,4,"HUNT47",2,9,2010,"HUNT47 2"
"4","Male","Escopeta",1,2,2,"HUNT47",3,10,2010,"HUNT47 3"
"4","Female","Escopeta",0,4,2,"HUNT47",3,10,2010,"HUNT47 3"
"3","Female","Trampa",0,6,1,"HUNT47",4,11,2010,"HUNT47 4"
"3","Male","Trampa",0,2,1,"HUNT47",4,11,2010,"HUNT47 4"
"4","Female","Escopeta",0,3,1,"HUNT47",5,12,2010,"HUNT47 5"
"4","Male","Escopeta",0,2,1,"HUNT47",5,12,2010,"HUNT47 5"
"3","Female","Escopeta",0,3,1,"HUNT47",6,1,2011,"HUNT47 6"
"3","Male","Escopeta",0,1,1,"HUNT47",6,1,2011,"HUNT47 6"
"3","Female","Escopeta",0,5,1,"HUNT47",7,4,2011,"HUNT47 7"
"3","Male","Escopeta",0,2,1,"HUNT47",7,4,2011,"HUNT47 7"
"3","Female","Escopeta",0,6,1,"HUNT47",16,1,2012,"HUNT47 16"
"3","Male","Escopeta",0,2,1,"HUNT47",16,1,2012,"HUNT47 16"
"4","Female","Escopeta",0,6,1,"HUNT47",18,4,2012,"HUNT47 18"
"4","Male","Escopeta",0,4,1,"HUNT47",18,4,2012,"HUNT47 18"
"3","Female","Escopeta",0,6,3,"HUNT47",19,5,2012,"HUNT47 19"
"5","Female","Escopeta",1,11,3,"HUNT47",19,5,2012,"HUNT47 19"
"3","Male","Escopeta",0,3,3,"HUNT47",19,5,2012,"HUNT47 19"
"5","Male","Escopeta",2,3,3,"HUNT47",19,5,2012,"HUNT47 19"
"4","Female","Escopeta",0,4,1,"HUNT47",20,6,2012,"HUNT47 20"
"4","Male","Escopeta",0,3,1,"HUNT47",20,6,2012,"HUNT47 20"
"4","Female","Escopeta",0,4,1,"HUNT47",21,7,2012,"HUNT47 21"
"4","Male","Escopeta",0,2,1,"HUNT47",21,7,2012,"HUNT47 21"
"4","Female","Trampa",0,2,2,"HUNT47",22,8,2012,"HUNT47 22"
"4","Male","Trampa",0,2,2,"HUNT47",22,8,2012,"HUNT47 22"
"4","Female","Escopeta",0,6,2,"HUNT47",22,8,2012,"HUNT47 22"
"4","Male","Escopeta",0,7,2,"HUNT47",22,8,2012,"HUNT47 22"
"3","Female","Escopeta",0,10,2,"HUNT47",23,10,2012,"HUNT47 23"
"3","Male","Escopeta",0,5,2,"HUNT47",23,10,2012,"HUNT47 23"
"4","Female","Escopeta",0,5,2,"HUNT47",24,11,2012,"HUNT47 24"
"3","Female","Escopeta",0,5,2,"HUNT47",24,11,2012,"HUNT47 24"
"4","Male","Escopeta",0,1,2,"HUNT47",24,11,2012,"HUNT47 24"
"3","Male","Escopeta",0,2,2,"HUNT47",24,11,2012,"HUNT47 24"
"3","Male","Trampa",0,1,1,"HUNT47",31,7,2013,"HUNT47 31"
"3","Female","Trampa",0,3,1,"HUNT47",31,7,2013,"HUNT47 31"
"3","Female","Trampa",1,6,2,"HUNT47",32,8,2013,"HUNT47 32"
"3","Male","Trampa",1,4,2,"HUNT47",32,8,2013,"HUNT47 32"
"1","Female","Trampa",2,0,1,"HUNT48",12,9,2011,"HUNT48 12"
"2","Male","Escopeta",2,2,1,"HUNT48",16,1,2012,"HUNT48 16"
"2","Female","Escopeta",0,4,1,"HUNT48",16,1,2012,"HUNT48 16"
"3","Female","Escopeta",0,5,1,"HUNT48",17,3,2012,"HUNT48 17"
"3","Male","Escopeta",0,2,1,"HUNT48",17,3,2012,"HUNT48 17"
"3","Male","Escopeta",0,6,2,"HUNT48",18,4,2012,"HUNT48 18"
"3","Female","Escopeta",0,5,2,"HUNT48",18,4,2012,"HUNT48 18"
"3","Female","Escopeta",0,6,2,"HUNT48",19,5,2012,"HUNT48 19"
"2","Female","Escopeta",0,4,2,"HUNT48",19,5,2012,"HUNT48 19"
"3","Male","Escopeta",0,1,2,"HUNT48",19,5,2012,"HUNT48 19"
"2","Male","Escopeta",0,3,2,"HUNT48",19,5,2012,"HUNT48 19"
"1","Male","Escopeta",1,0,1,"HUNT49",1,8,2010,"HUNT49 1"
"1","Female","Trampa",3,0,1,"HUNT50",10,7,2011,"HUNT50 10"
"1","Female","Trampa",2,2,1,"HUNT50",12,9,2011,"HUNT50 12"
"1","Female","Trampa",1,2,1,"HUNT50",13,10,2011,"HUNT50 13"
"1","Male","Trampa",1,0,1,"HUNT50",13,10,2011,"HUNT50 13"
"2","Female","Escopeta",1,2,1,"HUNT51",1,8,2010,"HUNT51 1"
"2","Male","Escopeta",0,1,1,"HUNT51",1,8,2010,"HUNT51 1"
"2","Female","Escopeta",1,4,2,"HUNT51",3,10,2010,"HUNT51 3"
"2","Male","Escopeta",0,3,2,"HUNT51",3,10,2010,"HUNT51 3"
"2","Female","Escopeta",0,4,1,"HUNT51",5,12,2010,"HUNT51 5"
"2","Male","Escopeta",0,1,1,"HUNT51",5,12,2010,"HUNT51 5"
"4","Female","Escopeta",0,4,1,"HUNT51",6,1,2011,"HUNT51 6"
"4","Male","Escopeta",0,4,1,"HUNT51",6,1,2011,"HUNT51 6"
"1","Female","Trampa",1,0,1,"HUNT51",26,2,2013,"HUNT51 26"
"2","Male","Trampa",0,4,2,"HUNT51",27,3,2013,"HUNT51 27"
"2","Female","Trampa",1,4,2,"HUNT51",27,3,2013,"HUNT51 27"
"2","Female","Trampa",1,2,1,"HUNT51",29,5,2013,"HUNT51 29"
"2","Male","Trampa",1,0,1,"HUNT51",29,5,2013,"HUNT51 29"
"2","Male","Trampa",2,2,4,"HUNT51",31,7,2013,"HUNT51 31"
"1","Male","Trampa",2,0,4,"HUNT51",31,7,2013,"HUNT51 31"
"2","Female","Trampa",1,0,4,"HUNT51",31,7,2013,"HUNT51 31"
"1","Female","Trampa",0,0,4,"HUNT51",31,7,2013,"HUNT51 31"
"4","Female","Escopeta",0,7,1,"HUNT52",10,7,2011,"HUNT52 10"
"2","Female","Escopeta",2,4,2,"HUNT53",1,8,2010,"HUNT53 1"
"2","Male","Escopeta",0,4,2,"HUNT53",1,8,2010,"HUNT53 1"
"2","Male","Escopeta",0,9,6,"HUNT53",2,9,2010,"HUNT53 2"
"4","Male","Escopeta",0,1,6,"HUNT53",2,9,2010,"HUNT53 2"
"2","Female","Escopeta",0,11,6,"HUNT53",2,9,2010,"HUNT53 2"
"4","Female","Escopeta",0,9,6,"HUNT53",2,9,2010,"HUNT53 2"
"2","Female","Escopeta",2,24,8,"HUNT53",3,10,2010,"HUNT53 3"
"3","Female","Escopeta",0,3,8,"HUNT53",3,10,2010,"HUNT53 3"
"1","Female","Escopeta",0,0,8,"HUNT53",3,10,2010,"HUNT53 3"
"2","Male","Escopeta",0,11,8,"HUNT53",3,10,2010,"HUNT53 3"
"3","Male","Escopeta",0,2,8,"HUNT53",3,10,2010,"HUNT53 3"
"1","Male","Escopeta",0,0,8,"HUNT53",3,10,2010,"HUNT53 3"
"4","Female","Escopeta",2,23,4,"HUNT53",4,11,2010,"HUNT53 4"
"4","Male","Escopeta",1,14,4,"HUNT53",4,11,2010,"HUNT53 4"
"4","Female","Escopeta",0,9,2,"HUNT53",5,12,2010,"HUNT53 5"
"4","Male","Escopeta",0,5,2,"HUNT53",5,12,2010,"HUNT53 5"
"4","Female","Escopeta",0,6,1,"HUNT53",6,1,2011,"HUNT53 6"
"4","Male","Escopeta",0,2,1,"HUNT53",6,1,2011,"HUNT53 6"
"4","Female","Escopeta",1,9,3,"HUNT53",7,4,2011,"HUNT53 7"
"4","Male","Escopeta",1,6,3,"HUNT53",7,4,2011,"HUNT53 7"
"4","Male","Escopeta",0,1,3,"HUNT53",8,5,2011,"HUNT53 8"
"2","Male","Escopeta",0,2,3,"HUNT53",8,5,2011,"HUNT53 8"
"3","Male","Escopeta",0,4,3,"HUNT53",8,5,2011,"HUNT53 8"
"4","Female","Escopeta",0,4,3,"HUNT53",8,5,2011,"HUNT53 8"
"2","Female","Escopeta",0,3,3,"HUNT53",8,5,2011,"HUNT53 8"
"3","Female","Escopeta",0,3,3,"HUNT53",8,5,2011,"HUNT53 8"
"3","Female","Escopeta",2,13,3,"HUNT53",9,6,2011,"HUNT53 9"
"3","Male","Escopeta",1,8,3,"HUNT53",9,6,2011,"HUNT53 9"
"4","Female","Escopeta",1,16,3,"HUNT53",10,7,2011,"HUNT53 10"
"4","Male","Escopeta",0,7,3,"HUNT53",10,7,2011,"HUNT53 10"
"4","Female","Escopeta",0,28,4,"HUNT53",11,8,2011,"HUNT53 11"
"4","Male","Escopeta",2,16,4,"HUNT53",11,8,2011,"HUNT53 11"
"4","Female","Escopeta",4,11,2,"HUNT53",12,9,2011,"HUNT53 12"
"4","Male","Escopeta",0,8,2,"HUNT53",12,9,2011,"HUNT53 12"
"4","Female","Escopeta",2,10,4,"HUNT53",13,10,2011,"HUNT53 13"
"3","Female","Escopeta",0,4,4,"HUNT53",13,10,2011,"HUNT53 13"
"4","Male","Escopeta",2,4,4,"HUNT53",13,10,2011,"HUNT53 13"
"3","Male","Escopeta",1,2,4,"HUNT53",13,10,2011,"HUNT53 13"
"3","Female","Escopeta",0,5,3,"HUNT53",14,11,2011,"HUNT53 14"
"4","Female","Escopeta",1,8,3,"HUNT53",14,11,2011,"HUNT53 14"
"3","Male","Escopeta",0,3,3,"HUNT53",14,11,2011,"HUNT53 14"
"4","Male","Escopeta",1,4,3,"HUNT53",14,11,2011,"HUNT53 14"
"4","Female","Escopeta",0,5,1,"HUNT53",15,12,2011,"HUNT53 15"
"4","Male","Escopeta",0,4,1,"HUNT53",15,12,2011,"HUNT53 15"
"4","Female","Escopeta",0,6,1,"HUNT53",16,1,2012,"HUNT53 16"
"4","Male","Escopeta",0,3,1,"HUNT53",16,1,2012,"HUNT53 16"
"3","Female","Escopeta",0,3,1,"HUNT53",17,3,2012,"HUNT53 17"
"3","Male","Escopeta",0,4,1,"HUNT53",17,3,2012,"HUNT53 17"
"4","Female","Escopeta",0,4,1,"HUNT53",18,4,2012,"HUNT53 18"
"4","Male","Escopeta",0,2,1,"HUNT53",18,4,2012,"HUNT53 18"
"4","Female","Escopeta",0,8,2,"HUNT53",19,5,2012,"HUNT53 19"
"2","Female","Escopeta",0,3,2,"HUNT53",19,5,2012,"HUNT53 19"
"4","Male","Escopeta",0,0,2,"HUNT53",19,5,2012,"HUNT53 19"
"2","Male","Escopeta",0,3,2,"HUNT53",19,5,2012,"HUNT53 19"
"4","Female","Escopeta",0,5,3,"HUNT53",20,6,2012,"HUNT53 20"
"2","Female","Escopeta",0,6,3,"HUNT53",20,6,2012,"HUNT53 20"
"3","Female","Escopeta",0,3,3,"HUNT53",20,6,2012,"HUNT53 20"
"4","Male","Escopeta",0,3,3,"HUNT53",20,6,2012,"HUNT53 20"
"2","Male","Escopeta",0,1,3,"HUNT53",20,6,2012,"HUNT53 20"
"3","Male","Escopeta",0,5,3,"HUNT53",20,6,2012,"HUNT53 20"
"3","Female","Escopeta",0,5,1,"HUNT53",21,7,2012,"HUNT53 21"
"3","Male","Escopeta",0,3,1,"HUNT53",21,7,2012,"HUNT53 21"
"4","Male","Escopeta",0,4,1,"HUNT53",23,10,2012,"HUNT53 23"
"4","Female","Escopeta",0,3,1,"HUNT53",23,10,2012,"HUNT53 23"
"3","Female","Escopeta",0,6,1,"HUNT53",24,11,2012,"HUNT53 24"
"3","Female","Escopeta",0,5,1,"HUNT53",25,12,2012,"HUNT53 25"
"3","Male","Escopeta",0,1,1,"HUNT53",25,12,2012,"HUNT53 25"
"3","Female","Escopeta",0,1,1,"HUNT53",26,2,2013,"HUNT53 26"
"3","Male","Escopeta",0,1,1,"HUNT53",26,2,2013,"HUNT53 26"
"3","Female","Escopeta",0,4,1,"HUNT53",27,3,2013,"HUNT53 27"
"3","Male","Escopeta",0,2,1,"HUNT53",27,3,2013,"HUNT53 27"
"3","Female","Escopeta",0,2,1,"HUNT53",28,4,2013,"HUNT53 28"
"3","Male","Escopeta",0,3,1,"HUNT53",28,4,2013,"HUNT53 28"
"3","Male","Escopeta",0,2,2,"HUNT53",29,5,2013,"HUNT53 29"
"3","Female","Escopeta",0,6,2,"HUNT53",29,5,2013,"HUNT53 29"
"4","Female","Escopeta",2,3,2,"HUNT53",30,6,2013,"HUNT53 30"
"4","Male","Escopeta",4,1,2,"HUNT53",30,6,2013,"HUNT53 30"
"4","Female","Trampa",0,1,2,"HUNT53",31,7,2013,"HUNT53 31"
"4","Male","Trampa",0,0,2,"HUNT53",31,7,2013,"HUNT53 31"
"4","Female","Escopeta",0,1,2,"HUNT53",31,7,2013,"HUNT53 31"
"4","Male","Escopeta",0,1,2,"HUNT53",31,7,2013,"HUNT53 31"
"3","Female","Escopeta",0,2,2,"HUNT53",32,8,2013,"HUNT53 32"
"4","Female","Escopeta",0,7,2,"HUNT53",32,8,2013,"HUNT53 32"
"3","Male","Escopeta",0,0,2,"HUNT53",32,8,2013,"HUNT53 32"
"4","Male","Escopeta",0,4,2,"HUNT53",32,8,2013,"HUNT53 32"
"2","Female","Trampa",0,5,1,"HUNT54",16,1,2012,"HUNT54 16"
"2","Male","Trampa",0,3,1,"HUNT54",16,1,2012,"HUNT54 16"
"2","Female","Escopeta",1,0,1,"HUNT55",2,9,2010,"HUNT55 2"
"2","Male","Escopeta",0,1,1,"HUNT55",2,9,2010,"HUNT55 2"
"2","Female","Trampa",0,1,3,"HUNT55",3,10,2010,"HUNT55 3"
"1","Female","Trampa",0,0,3,"HUNT55",3,10,2010,"HUNT55 3"
"2","Male","Trampa",0,2,3,"HUNT55",3,10,2010,"HUNT55 3"
"1","Male","Trampa",0,0,3,"HUNT55",3,10,2010,"HUNT55 3"
"2","Female","Escopeta",0,0,3,"HUNT55",3,10,2010,"HUNT55 3"
"1","Female","Escopeta",2,0,3,"HUNT55",3,10,2010,"HUNT55 3"
"2","Male","Escopeta",0,0,3,"HUNT55",3,10,2010,"HUNT55 3"
"1","Male","Escopeta",0,0,3,"HUNT55",3,10,2010,"HUNT55 3"
"3","Female","Trampa",1,3,1,"HUNT55",4,11,2010,"HUNT55 4"
"3","Male","Trampa",1,0,1,"HUNT55",4,11,2010,"HUNT55 4"
"3","Female","Escopeta",2,0,1,"HUNT55",4,11,2010,"HUNT55 4"
"3","Male","Escopeta",0,0,1,"HUNT55",4,11,2010,"HUNT55 4"
"3","Female","Trampa",2,4,1,"HUNT55",5,12,2010,"HUNT55 5"
"3","Male","Trampa",1,1,1,"HUNT55",5,12,2010,"HUNT55 5"
"1","Male","Trampa",1,0,1,"HUNT55",6,1,2011,"HUNT55 6"
"1","Female","Trampa",0,0,1,"HUNT55",6,1,2011,"HUNT55 6"
"1","Male","Escopeta",1,0,1,"HUNT55",6,1,2011,"HUNT55 6"
"1","Female","Escopeta",1,0,1,"HUNT55",6,1,2011,"HUNT55 6"
"1","Female","Trampa",9,0,3,"HUNT55",9,6,2011,"HUNT55 9"
"1","Male","Trampa",5,0,3,"HUNT55",9,6,2011,"HUNT55 9"
"1","Female","Trampa",11,1,2,"HUNT55",10,7,2011,"HUNT55 10"
"4","Male","Escopeta",4,0,1,"HUNT55",31,7,2013,"HUNT55 31"
"4","Female","Escopeta",1,0,1,"HUNT55",31,7,2013,"HUNT55 31"
"3","Female","Escopeta",0,1,1,"HUNT55",32,8,2013,"HUNT55 32"
"3","Male","Escopeta",0,0,1,"HUNT55",32,8,2013,"HUNT55 32"
"3","Female","Trampa",0,1,1,"HUNT55",32,8,2013,"HUNT55 32"
"3","Male","Trampa",1,1,1,"HUNT55",32,8,2013,"HUNT55 32"
"5","Female","Trampa",2,3,1,"HUNT56",13,10,2011,"HUNT56 13"
"5","Male","Trampa",0,3,1,"HUNT56",13,10,2011,"HUNT56 13"
"3","Female","Trampa",0,4,1,"HUNT56",16,1,2012,"HUNT56 16"
"3","Male","Trampa",0,3,1,"HUNT56",16,1,2012,"HUNT56 16"
"3","Female","Escopeta",0,5,1,"HUNT56",17,3,2012,"HUNT56 17"
"3","Male","Escopeta",0,2,1,"HUNT56",17,3,2012,"HUNT56 17"
"4","Female","Escopeta",0,11,2,"HUNT56",18,4,2012,"HUNT56 18"
"4","Male","Escopeta",0,4,2,"HUNT56",18,4,2012,"HUNT56 18"
"4","Female","Escopeta",0,10,3,"HUNT56",19,5,2012,"HUNT56 19"
"2","Female","Escopeta",0,5,3,"HUNT56",19,5,2012,"HUNT56 19"
"4","Male","Escopeta",0,3,3,"HUNT56",19,5,2012,"HUNT56 19"
"2","Male","Escopeta",0,4,3,"HUNT56",19,5,2012,"HUNT56 19"
"4","Male","Trampa",0,3,1,"HUNT56",20,6,2012,"HUNT56 20"
"4","Female","Trampa",0,3,1,"HUNT56",20,6,2012,"HUNT56 20"
"3","Male","Escopeta",0,4,3,"HUNT56",21,7,2012,"HUNT56 21"
"4","Male","Escopeta",0,4,3,"HUNT56",21,7,2012,"HUNT56 21"
"3","Female","Escopeta",0,4,3,"HUNT56",21,7,2012,"HUNT56 21"
"4","Female","Escopeta",0,3,3,"HUNT56",21,7,2012,"HUNT56 21"
"3","Male","Trampa",0,0,3,"HUNT56",21,7,2012,"HUNT56 21"
"4","Male","Trampa",0,4,3,"HUNT56",21,7,2012,"HUNT56 21"
"3","Female","Trampa",0,0,3,"HUNT56",21,7,2012,"HUNT56 21"
"4","Female","Trampa",0,5,3,"HUNT56",21,7,2012,"HUNT56 21"
"4","Female","Escopeta",0,5,2,"HUNT56",22,8,2012,"HUNT56 22"
"3","Female","Escopeta",0,5,2,"HUNT56",22,8,2012,"HUNT56 22"
"4","Male","Escopeta",0,1,2,"HUNT56",22,8,2012,"HUNT56 22"
"3","Male","Escopeta",0,2,2,"HUNT56",22,8,2012,"HUNT56 22"
"2","Female","Escopeta",0,6,2,"HUNT56",23,10,2012,"HUNT56 23"
"3","Female","Escopeta",0,2,2,"HUNT56",23,10,2012,"HUNT56 23"
"2","Male","Escopeta",0,0,2,"HUNT56",23,10,2012,"HUNT56 23"
"3","Male","Escopeta",0,2,2,"HUNT56",23,10,2012,"HUNT56 23"
"1","Female","Escopeta",6,0,1,"HUNT56",24,11,2012,"HUNT56 24"
"1","Male","Escopeta",2,0,1,"HUNT56",24,11,2012,"HUNT56 24"
"2","Female","Escopeta",11,0,3,"HUNT56",25,12,2012,"HUNT56 25"
"3","Female","Escopeta",0,3,3,"HUNT56",25,12,2012,"HUNT56 25"
"2","Male","Escopeta",5,0,3,"HUNT56",25,12,2012,"HUNT56 25"
"3","Male","Escopeta",0,2,3,"HUNT56",25,12,2012,"HUNT56 25"
"3","Female","Escopeta",1,0,3,"HUNT56",26,2,2013,"HUNT56 26"
"2","Female","Escopeta",2,0,3,"HUNT56",26,2,2013,"HUNT56 26"
"3","Male","Escopeta",2,0,3,"HUNT56",26,2,2013,"HUNT56 26"
"2","Male","Escopeta",4,0,3,"HUNT56",26,2,2013,"HUNT56 26"
"2","Female","Escopeta",3,0,5,"HUNT56",27,3,2013,"HUNT56 27"
"3","Female","Escopeta",0,16,5,"HUNT56",27,3,2013,"HUNT56 27"
"2","Male","Escopeta",2,0,5,"HUNT56",27,3,2013,"HUNT56 27"
"3","Male","Escopeta",1,9,5,"HUNT56",27,3,2013,"HUNT56 27"
"4","Female","Escopeta",0,4,1,"HUNT56",28,4,2013,"HUNT56 28"
"4","Male","Escopeta",0,3,1,"HUNT56",28,4,2013,"HUNT56 28"
"5","Male","Trampa",0,4,1,"HUNT56",29,5,2013,"HUNT56 29"
"5","Female","Trampa",0,1,1,"HUNT56",29,5,2013,"HUNT56 29"
"1","Female","Trampa",2,2,1,"HUNT57",1,8,2010,"HUNT57 1"
"1","Male","Trampa",0,2,1,"HUNT57",1,8,2010,"HUNT57 1"
"1","Female","Trampa",2,1,1,"HUNT57",13,10,2011,"HUNT57 13"
"1","Male","Trampa",0,1,1,"HUNT57",13,10,2011,"HUNT57 13"
"1","Female","Trampa",2,2,1,"HUNT57",14,11,2011,"HUNT57 14"
"1","Male","Trampa",0,3,1,"HUNT57",14,11,2011,"HUNT57 14"
"1","Female","Trampa",2,7,2,"HUNT57",17,3,2012,"HUNT57 17"
"1","Male","Trampa",2,2,2,"HUNT57",17,3,2012,"HUNT57 17"
"1","Female","Trampa",5,0,2,"HUNT58",10,7,2011,"HUNT58 10"
"1","Male","Trampa",2,0,1,"HUNT58",13,10,2011,"HUNT58 13"
"1","Female","Trampa",3,0,1,"HUNT58",13,10,2011,"HUNT58 13"
